1,2,3,4,5,6,+
8,21,23,24,36,37,2
6,16,23,25,27,30,6
7,14,16,31,32,35,3
2,6,9,27,35,37,7
1,7,12,18,31,33,3
1,5,8,15,17,31,2
2,17,18,29,31,32,2
2,11,16,21,22,31,7
1,6,7,16,26,36,1
4,13,15,22,30,37,2
2,5,12,14,29,33,3
2,3,5,9,24,32,6
6,15,28,31,34,35,2
2,15,20,26,27,30,7
8,9,10,17,30,34,4
9,10,16,20,32,34,3
6,17,20,25,33,36,3
2,5,8,22,24,29,5
6,7,14,19,20,28,1
4,7,9,14,20,22,4
2,10,15,17,18,24,1
3,8,31,32,34,35,5
2,6,14,19,27,29,3
10,16,19,30,34,37,4
1,19,21,26,30,33,3
9,11,14,19,23,33,2
1,11,27,29,33,37,6
3,13,20,26,29,35,1
1,15,19,23,28,32,3
5,14,15,19,20,31,3
4,5,10,16,17,18,3
3,4,6,8,14,35,1
1,5,12,22,34,37,6
8,14,16,26,32,35,2
6,8,12,13,32,35,4
1,22,32,33,35,37,4
3,19,25,30,33,34,6
5,6,7,14,26,37,4
2,11,22,32,35,37,3
2,8,16,19,29,33,7
7,16,17,27,32,37,6
3,12,13,17,18,36,5
6,10,29,32,33,34,3
1,7,10,24,28,37,7
1,4,6,17,20,34,1
1,3,18,21,23,36,3
2,6,9,12,16,18,2
4,5,6,9,20,37,6
9,16,21,25,27,36,5
11,13,17,24,34,36,1
1,13,15,27,31,35,4
11,17,25,33,35,36,3
6,10,22,25,30,37,1
1,14,25,29,30,33,3
11,19,20,27,30,37,5
6,10,11,24,32,36,4
4,13,17,28,35,37,3
1,10,28,31,32,35,6
14,17,25,26,29,35,7
3,4,7,18,22,23,2
13,15,16,28,31,32,6
1,10,12,14,27,29,2
4,18,19,23,24,37,5
8,18,26,29,31,36,4
1,28,29,30,32,34,5
10,11,14,24,27,35,3
17,22,26,28,34,36,5
3,10,11,17,24,36,7
4,11,16,25,35,36,6
1,9,13,19,20,34,5
4,7,8,9,16,31,1
4,13,17,19,25,37,1
3,13,14,20,22,23,3
10,12,15,19,27,28,3
1,6,19,22,25,32,5
4,5,19,24,31,37,6
1,4,11,14,17,22,2
3,10,16,25,29,32,1
17,20,22,24,28,32,7
3,27,29,31,32,33,3
1,8,13,21,25,31,5
1,12,16,20,30,36,6
6,18,19,23,24,28,4
7,8,11,14,16,22,5
9,10,11,13,15,21,3
1,12,17,21,25,26,2
8,19,26,30,31,36,2
2,8,15,27,31,35,4
1,8,15,22,31,35,4
12,13,15,17,25,31,2
10,13,14,19,20,25,6
1,3,6,9,14,28,1
3,4,5,18,23,29,4
4,5,19,25,31,32,3
1,11,17,21,33,34,1
4,6,10,18,22,25,6
1,15,20,22,23,31,4
3,5,7,18,23,27,7
3,22,24,25,28,37,6
7,11,12,25,28,31,6
6,20,25,30,33,35,1
12,14,15,18,20,21,5
11,14,19,20,21,26,2
2,21,25,27,28,36,6
20,25,28,34,36,37,6
5,6,12,16,29,34,5
12,15,21,24,30,32,7
3,9,23,24,25,26,2
3,9,11,13,21,25,7
10,11,17,21,23,32,7
3,7,9,21,22,33,7
4,13,18,22,28,34,3
1,6,12,17,22,26,6
11,18,19,25,35,37,5
1,13,20,25,31,33,2
11,12,26,34,36,37,2
3,10,13,17,33,37,2
4,9,17,26,27,37,2
6,7,17,28,33,36,7
8,15,20,24,25,33,4
5,8,14,15,18,25,3
6,9,13,20,26,36,7
8,14,20,23,24,28,4
7,13,15,16,20,31,7
3,7,11,17,19,31,6
12,13,19,21,35,36,6
6,9,10,11,18,29,5
16,17,19,29,34,37,4
3,16,19,22,25,26,2
1,3,4,13,23,28,5
1,10,18,25,31,36,6
15,21,23,27,36,37,3
8,11,13,18,25,31,6
1,3,7,9,15,22,2
7,8,25,31,32,35,7
3,5,8,18,19,29,2
2,12,14,18,22,25,7
3,5,16,18,21,26,2
6,16,23,24,30,33,1
9,20,25,27,34,37,2
16,18,20,22,24,25,4
8,9,13,14,27,29,5
2,7,9,19,24,25,7
4,8,13,20,27,29,6
6,7,11,17,22,29,6
11,17,19,25,27,28,2
4,16,23,29,35,36,4
7,20,21,25,35,37,3
8,13,14,27,30,37,6
1,5,15,17,23,37,5
6,16,21,27,28,29,1
1,3,13,17,21,32,1
7,14,18,27,34,37,7
4,12,21,24,35,37,7
1,8,15,16,20,31,6
6,13,22,25,29,37,5
7,11,18,20,21,22,1
2,12,16,17,28,36,4
4,8,13,18,21,32,7
7,8,11,20,30,37,7
4,6,20,23,28,34,2
1,4,7,8,12,16,1
7,9,12,16,27,33,4
9,18,24,28,30,36,7
1,4,27,34,36,37,7
10,13,18,26,31,33,4
1,5,11,12,22,27,2
1,3,18,20,23,37,4
7,13,16,18,19,28,5
4,5,8,25,26,33,7
2,6,17,22,30,33,5
9,16,22,23,25,28,3
2,9,11,16,23,35,1
2,14,25,26,32,33,4
6,9,26,29,36,37,1
2,9,15,26,29,35,5
3,11,13,25,28,35,1
13,19,21,27,29,32,3
11,22,27,32,34,36,3
2,7,8,9,10,15,2
8,11,22,29,30,32,1
7,13,15,19,28,36,6
5,7,11,12,28,34,5
2,9,11,13,19,28,3
1,3,29,30,32,37,3
2,9,13,17,21,26,6
19,26,30,31,33,35,3
5,7,11,14,23,36,2
8,10,18,23,29,30,7
5,9,10,12,34,35,1
8,10,14,17,25,34,5
1,3,11,15,26,32,7
1,8,19,22,34,35,6
9,20,22,23,27,32,7
12,13,16,20,21,32,2
18,21,23,25,27,34,7
1,13,26,31,34,37,4
7,10,21,27,33,36,5
2,4,10,14,23,28,6
6,10,18,23,33,36,6
4,8,11,29,34,35,7
2,14,18,23,30,32,4
10,12,22,23,30,37,5
4,6,9,12,32,36,1
4,6,7,10,11,18,2
5,11,16,18,23,26,1
13,15,26,27,29,37,7
6,7,12,22,23,28,6
2,10,11,22,28,33,6
5,11,12,18,28,35,3
1,7,11,22,24,34,2
1,23,26,31,33,37,5
3,10,11,20,24,30,2
1,2,3,13,22,30,7
2,9,17,23,27,31,1
2,5,8,20,22,28,3
5,6,11,13,21,30,5
7,8,10,19,27,37,6
22,24,28,29,30,33,4
3,25,26,30,31,34,3
9,11,15,22,28,32,2
4,11,13,24,25,34,5
1,2,3,10,16,37,5
5,10,12,19,20,25,4
2,6,9,13,35,37,3
5,6,10,12,18,26,2
1,3,5,17,18,26,5
2,5,11,12,15,33,6
4,5,11,16,18,20,6
17,19,20,27,29,33,1
5,13,15,23,28,35,2
2,6,17,21,30,35,3
5,21,22,25,32,36,6
9,16,22,26,28,37,1
7,13,16,17,29,34,1
3,6,11,16,26,34,6
3,12,15,20,23,26,4
7,11,23,30,32,34,1
6,11,13,29,32,34,2
2,6,12,18,26,28,1
1,3,12,23,28,31,4
4,6,7,10,20,28,1
3,6,17,18,34,36,2
6,7,8,17,18,29,1
3,18,19,29,36,37,6
7,9,25,30,31,36,1
3,9,11,12,28,35,4
3,6,10,11,26,29,6
2,10,15,17,25,33,6
10,18,27,30,32,37,1
6,7,18,21,26,33,3
15,20,27,28,29,37,3
4,8,13,17,28,33,6
6,10,14,20,31,37,6
6,16,21,25,32,33,7
1,6,8,17,19,24,3
16,22,27,29,33,36,7
20,23,27,28,30,34,3
1,8,10,12,29,34,1
1,6,23,33,34,36,6
6,8,24,28,30,35,5
3,6,9,14,16,35,7
1,6,7,12,34,35,6
23,25,28,30,31,34,3
2,3,12,22,25,27,7
15,20,24,25,29,30,5
8,15,21,23,29,37,2
6,18,26,31,34,37,1
12,18,20,23,25,37,5
4,5,11,27,32,37,1
2,4,12,28,30,32,7
1,2,15,28,29,32,6
3,10,18,20,24,33,2
5,16,20,24,29,34,4
6,8,11,23,25,32,1
2,4,5,9,12,27,5
9,20,21,24,25,37,7
5,6,9,11,15,23,2
7,12,15,18,23,28,1
13,20,25,28,29,30,1
3,6,13,15,28,31,1
1,8,14,21,25,31,1
1,3,22,26,29,36,5
5,10,15,22,25,33,1
12,13,25,27,31,33,3
5,8,10,26,29,35,6
6,17,28,30,32,33,6
6,8,12,14,28,34,4
20,22,29,31,32,33,3
13,17,26,31,35,37,4
4,7,11,12,15,37,4
6,9,21,31,34,35,4
4,10,17,23,28,37,5
1,5,26,31,34,35,4
12,14,19,27,31,34,4
6,7,11,12,23,30,3
7,10,14,17,27,29,4
3,10,20,22,33,37,3
3,5,8,11,22,33,5
9,18,22,24,27,34,6
11,21,22,24,26,30,3
4,8,15,24,36,37,5
19,20,21,24,34,35,5
8,9,14,22,32,33,7
2,3,8,11,26,29,6
2,9,17,19,34,35,2
4,7,10,20,22,26,7
6,12,23,25,26,35,4
4,19,22,28,31,33,7
3,5,10,13,26,27,4
8,18,21,22,26,33,1
10,11,14,17,19,26,5
1,9,14,15,19,25,6
10,13,15,22,32,33,7
2,8,17,20,27,31,7
1,3,8,10,11,31,3
8,13,27,28,30,36,2
3,20,24,27,32,37,2
5,6,18,19,21,36,6
1,7,11,15,20,30,5
2,7,11,23,25,29,4
5,6,7,16,17,33,4
19,21,24,25,30,36,5
4,8,11,13,24,32,6
9,20,27,28,30,34,1
2,8,10,16,18,27,5
3,6,12,25,28,36,7
4,7,10,22,27,36,6
7,11,18,21,25,29,7
5,6,7,24,27,32,5
4,5,16,24,33,34,2
6,14,15,18,22,36,4
13,15,21,23,30,36,6
14,15,16,24,32,36,1
3,8,10,11,26,36,2
3,10,13,18,25,26,6
3,11,22,24,33,36,7
13,20,26,30,31,34,2
11,13,18,20,25,29,7
10,11,17,19,26,30,5
3,8,9,12,27,33,3
5,7,13,15,18,23,2
1,6,18,24,28,35,2
3,27,28,30,31,35,7
6,8,14,19,20,37,5
16,18,19,30,31,32,3
12,15,17,18,22,26,1
5,12,16,22,27,31,4
4,22,24,25,26,29,6
1,6,11,14,17,27,4
5,8,11,16,22,29,6
10,13,16,17,26,34,7
8,9,12,13,29,34,5
3,9,14,15,21,22,3
5,7,10,15,26,37,7
14,15,19,31,34,35,3
5,6,9,17,24,31,7
1,3,6,27,29,33,7
11,13,27,30,32,34,6
8,10,12,24,25,29,3
5,8,21,28,31,35,2
1,3,4,10,16,17,1
1,2,10,12,26,29,6
4,12,16,28,29,31,5
8,9,15,21,26,29,3
2,5,9,13,26,29,2
6,16,20,25,26,27,6
1,8,20,25,33,37,7
1,12,13,29,32,36,1
2,3,5,8,23,29,4
13,16,19,22,25,31,2
2,11,21,22,26,32,6
2,14,16,18,32,37,3
4,11,12,26,28,29,6
3,9,13,16,22,34,6
12,18,20,21,29,35,4
4,16,21,23,24,27,3
4,16,19,25,29,37,6
1,6,12,14,36,37,3
4,5,9,12,16,29,3
9,20,22,23,24,29,6
3,8,17,20,22,30,3
1,9,10,21,24,32,1
9,11,14,16,27,37,1
14,20,23,25,26,35,3
5,11,18,20,30,35,5
9,15,17,25,27,32,3
5,9,19,21,22,34,2
11,14,22,26,27,33,7
1,10,11,12,18,19,5
5,7,10,13,24,33,7
7,13,14,28,29,35,6
1,4,16,26,28,37,5
3,11,12,15,21,26,6
12,13,15,20,21,32,1
4,6,18,26,29,34,1
3,4,5,27,30,36,3
1,2,32,34,36,37,6
1,3,15,27,31,35,7
6,8,9,14,16,17,4
1,25,34,35,36,37,2
7,26,28,30,31,34,1
2,12,20,28,30,33,5
10,13,16,24,27,37,2
1,9,15,20,23,28,4
5,10,13,17,25,36,3
4,6,15,24,31,37,4
6,14,18,26,29,36,7
1,2,5,16,24,34,7
7,12,18,22,32,36,3
3,7,10,21,33,35,2
11,12,18,19,32,37,4
2,12,21,23,28,31,6
7,11,19,25,28,37,4
12,14,16,29,32,37,5
5,6,9,12,26,34,4
1,20,23,24,26,32,7
8,9,21,22,26,37,6
5,8,17,31,32,37,7
1,5,7,18,25,36,1
4,6,14,22,28,29,4
8,12,15,24,28,33,5
3,5,6,13,26,29,1
2,4,14,19,20,33,1
13,17,20,26,35,37,2
5,6,10,20,26,29,3
1,9,20,25,27,31,4
5,22,25,33,35,36,1
2,6,8,14,29,34,3
12,13,20,25,27,30,6
2,5,6,14,22,32,3
3,7,12,22,27,36,2
7,13,19,32,35,37,6
2,7,10,18,24,26,5
5,8,11,20,29,36,4
4,8,16,20,21,36,3
3,15,26,28,32,33,4
1,10,11,13,18,25,7
6,10,14,15,26,36,3
9,16,22,27,31,32,6
6,9,17,26,27,36,6
7,15,17,18,20,32,5
1,5,14,21,27,30,7
5,19,23,25,30,31,3
1,2,7,8,9,26,2
7,15,17,19,27,30,4
3,18,19,22,24,26,7
6,10,25,31,35,37,4
2,5,21,29,34,37,3
8,14,16,20,24,30,1
2,13,14,19,21,30,1
2,10,14,15,21,29,2
1,4,11,19,30,32,4
1,13,19,22,34,35,6
8,9,11,12,13,22,4
17,18,25,28,30,34,5
5,16,18,23,24,26,6
6,19,24,25,26,37,7
1,8,13,27,32,37,2
1,4,5,16,21,29,1
3,12,14,24,32,34,6
3,15,17,20,21,37,1
1,13,15,30,31,32,2
4,7,13,16,17,27,6
14,21,27,31,32,35,5
2,11,13,17,25,27,5
1,11,13,25,27,29,7
3,6,9,10,17,36,5
4,9,10,12,13,29,4
6,10,15,18,27,34,6
4,17,18,23,25,28,2
2,9,18,23,29,33,5
7,19,27,29,34,35,7
6,8,21,25,30,35,6
7,9,14,21,26,34,5
3,5,6,19,23,35,3
10,17,18,22,24,29,1
3,4,10,11,30,32,5
18,19,29,34,35,36,1
10,12,19,25,26,36,2
14,20,22,26,31,37,5
2,20,26,27,28,30,1
9,13,15,20,25,36,6
1,6,9,10,12,17,3
2,3,13,21,22,31,6
1,6,15,17,20,32,6
5,6,16,17,20,22,7
2,8,12,14,17,21,4
9,17,23,28,30,36,7
12,15,18,20,23,29,6
5,6,8,11,20,27,7
5,12,13,33,35,36,1
1,8,11,23,30,35,6
11,14,18,20,22,33,7
6,9,15,23,24,28,4
19,21,22,24,30,37,5
5,6,10,15,28,29,7
10,18,22,27,31,35,1
5,7,8,15,19,26,3
1,8,11,17,25,30,6
16,17,18,20,28,35,3
4,7,12,14,17,34,4
3,7,14,24,27,28,2
5,8,16,21,34,35,3
2,6,17,29,31,35,3
13,21,22,26,29,34,3
5,7,9,17,19,29,3
24,27,30,34,35,37,5
7,9,16,23,29,30,3
16,21,27,28,32,37,7
2,3,11,18,25,27,5
2,16,21,26,33,34,2
5,15,22,23,25,29,6
1,6,9,13,23,35,2
2,14,22,23,25,28,5
11,13,20,29,30,37,7
2,6,13,16,27,33,3
8,11,18,21,24,30,4
3,5,7,13,17,28,4
17,18,20,21,26,32,3
3,4,14,18,32,35,2
3,8,10,12,28,37,5
4,6,8,18,27,37,4
4,17,18,24,27,36,2
6,8,11,23,32,35,4
2,5,10,12,18,26,4
4,11,18,22,29,31,4
15,18,22,23,26,34,6
6,8,18,22,29,37,1
1,13,23,24,30,31,7
5,16,22,23,24,33,1
6,10,12,15,27,33,1
1,3,8,12,19,30,1
6,9,18,23,26,33,2
1,15,17,31,32,34,2
1,11,13,15,18,25,6
11,12,18,24,31,33,6
1,2,4,9,12,16,4
2,9,11,13,29,33,3
11,12,15,22,23,29,7
7,32,33,34,35,36,2
5,13,16,18,23,26,1
5,13,21,22,25,28,1
2,3,5,10,26,27,2
11,15,17,27,33,37,5
11,15,22,29,35,37,4
14,15,18,22,23,29,1
6,10,15,19,36,37,3
3,14,15,19,26,33,6
2,10,11,13,22,37,4
11,13,22,29,31,33,1
10,16,22,30,35,36,2
4,14,16,22,28,33,4
3,13,14,18,28,30,2
8,11,13,20,22,25,5
1,6,10,22,24,26,3
8,12,17,21,27,30,1
8,12,21,24,25,27,1
1,10,16,28,29,32,5
4,6,13,19,33,35,6
4,11,19,28,31,34,4
11,24,30,34,35,37,7
1,7,11,17,36,37,2
4,8,17,20,25,30,1
3,8,10,15,30,33,4
4,13,22,25,28,30,5
9,20,22,23,29,31,2
1,2,5,12,34,35,4
4,5,18,20,28,36,4
7,9,20,24,28,35,5
6,12,25,27,30,37,5
9,12,25,29,34,36,5
2,9,27,29,32,36,1
5,7,10,15,22,35,5
3,20,28,31,33,37,5
1,2,9,11,15,21,2
2,10,14,17,28,34,2
2,9,13,16,28,29,1
4,6,10,11,14,25,7
1,3,29,30,33,35,2
4,8,9,23,25,31,4
3,11,18,25,33,36,7
7,16,18,21,23,36,6
2,19,28,29,34,36,6
1,2,5,15,27,31,4
12,15,20,30,33,37,3
2,5,6,10,19,29,5
5,7,9,11,24,29,1
9,10,11,12,21,32,5
5,10,17,23,32,36,6
2,6,11,16,27,34,3
8,10,15,23,26,34,1
1,9,10,21,26,37,3
8,13,17,18,34,36,1
13,17,19,26,30,36,5
7,9,10,34,35,36,7
7,19,20,25,31,34,3
3,8,11,19,26,35,2
1,4,12,18,31,37,3
2,12,14,27,29,32,5
3,15,24,25,26,35,2
6,10,18,27,35,36,6
2,9,28,31,32,35,6
2,7,10,23,26,35,6
5,15,20,25,27,32,4
4,16,30,32,34,36,4
2,5,7,16,22,37,4
3,15,21,28,30,32,4
4,11,13,20,32,35,2
5,9,21,23,28,33,7
6,13,14,21,23,26,6
3,5,8,16,17,20,2
2,3,28,30,33,35,5
2,10,12,23,30,33,5
4,11,27,32,34,37,4
7,14,20,27,29,31,5
4,11,12,13,20,27,2
2,5,18,19,20,31,1
1,10,17,21,22,31,4
5,13,17,26,29,33,5
1,2,6,19,29,33,7
7,8,15,30,33,34,6
8,11,22,33,34,35,6
7,8,15,18,29,34,4
13,15,24,25,30,32,5
6,8,9,25,29,37,3
4,9,10,14,19,35,2
11,17,19,31,36,37,1
5,11,12,13,15,22,7
3,4,6,18,26,29,3
5,10,19,25,32,35,7
2,6,12,26,30,35,3
1,3,11,16,20,35,2
3,11,17,20,31,32,6
1,2,3,4,7,25,2
6,8,9,17,29,30,4
20,22,28,31,35,36,3
3,5,9,14,22,23,7
2,4,13,16,29,34,1
1,3,5,16,26,30,5
2,3,20,31,35,37,7
4,9,23,28,34,36,5
11,16,19,24,27,35,3
10,21,28,30,31,35,6
2,12,18,28,33,34,1
15,17,23,25,30,35,2
4,13,24,25,32,34,2
3,6,16,28,32,33,2
3,4,23,26,31,35,3
4,9,12,14,17,29,2
7,17,24,29,36,37,7
1,3,6,9,34,37,3
17,21,23,24,26,35,2
3,6,17,23,27,32,6
4,8,9,22,29,33,6
5,6,11,21,22,28,2
3,8,23,26,28,29,6
3,7,14,21,27,37,6
1,6,10,16,21,22,4
2,5,18,20,23,29,3
16,22,26,29,36,37,3
1,2,4,28,29,31,5
1,5,12,22,24,27,6
20,24,26,28,32,33,6
13,15,26,28,29,36,2
18,22,30,34,35,37,7
1,11,15,16,23,32,5
2,8,10,13,35,37,5
1,3,4,22,28,36,2
12,13,18,31,32,36,7
7,9,13,18,21,22,4
7,9,10,22,24,33,4
4,14,16,21,33,36,3
9,18,25,30,33,37,5
5,20,21,26,30,35,1
13,15,17,24,26,27,3
5,11,25,26,29,36,3
1,8,12,19,26,27,3
1,3,11,13,21,28,7
2,10,16,26,27,30,4
11,21,29,33,35,37,4
11,14,19,21,26,33,7
1,9,17,29,30,37,5
4,6,10,17,28,32,4
7,19,22,28,30,33,4
14,22,24,33,35,36,7
3,4,24,27,31,36,2
1,10,12,19,35,36,6
2,8,12,19,26,27,6
1,7,10,21,28,30,1
1,2,7,12,29,33,3
11,17,21,23,26,27,3
6,13,15,22,23,37,6
5,8,10,20,34,37,2
3,8,16,19,25,27,1
3,7,13,17,18,28,7
2,4,12,27,34,37,2
10,11,19,21,23,29,4
3,9,14,20,34,35,2
11,21,22,23,28,37,5
3,8,17,19,24,33,6
17,20,26,28,30,33,4
1,3,4,6,12,13,4
3,13,24,27,33,35,3
2,6,16,28,35,37,7
8,14,27,29,33,37,6
7,12,16,22,24,25,3
4,16,17,19,30,34,5
6,10,11,15,19,24,5
8,13,16,17,29,37,6
5,9,17,19,33,35,7
1,5,14,19,26,28,4
1,3,18,19,35,37,6
2,3,4,27,30,32,6
5,8,9,17,24,32,5
13,14,26,29,31,35,1
8,9,11,16,31,34,4
8,13,23,26,27,29,3
3,7,8,24,34,36,2
4,11,12,15,30,33,1
12,18,19,28,29,34,7
7,16,19,21,31,36,3
4,19,27,30,31,35,5
4,10,15,24,28,29,5
8,10,17,18,35,37,1
4,21,22,23,27,35,5
3,6,7,10,16,30,4
3,9,10,22,28,33,7
11,15,21,29,31,36,3
3,21,25,26,36,37,1
4,6,17,19,21,36,3
13,17,21,27,29,31,4
12,19,21,23,26,35,5
2,11,16,18,26,36,4
3,9,21,26,29,37,1
8,10,14,17,20,34,1
2,4,24,25,32,34,1
3,7,15,19,24,33,4
7,20,26,33,34,35,3
10,19,20,24,28,33,3
1,4,6,9,25,35,1
1,2,3,10,16,29,6
12,13,28,33,35,37,5
2,7,12,19,27,37,6
18,20,25,27,32,36,1
1,26,28,32,33,35,5
1,11,15,24,27,34,5
11,20,21,22,25,36,7
8,12,13,27,28,34,7
1,8,12,19,30,35,4
8,10,12,15,19,30,5
3,4,7,21,33,37,2
6,12,13,24,27,29,4
1,8,9,18,19,20,4
17,25,29,30,33,37,2
2,14,27,28,32,34,7
7,9,13,14,30,33,1
5,13,19,22,28,33,2
3,4,26,30,34,37,4
3,9,13,17,25,37,1
13,16,24,31,35,36,5
4,23,25,30,32,35,3
6,8,14,20,25,29,6
1,15,17,21,34,37,3
4,20,21,26,35,37,1
3,5,10,17,30,32,1
1,9,11,20,25,27,3
9,16,18,30,32,33,7
6,9,13,17,29,34,6
1,6,14,20,29,36,2
10,12,26,27,31,36,3
5,13,14,16,18,21,2
1,3,11,25,33,34,3
9,16,17,20,32,33,4
7,10,12,19,25,36,7
5,11,12,13,15,20,4
11,13,18,26,27,36,2
1,4,5,7,18,23,1
7,16,28,31,33,35,4
6,9,24,25,33,34,2
8,14,18,22,25,31,1
7,10,17,23,24,31,3
2,9,15,22,31,33,6
3,10,11,13,26,37,1
5,6,9,26,32,35,4
2,3,6,19,25,27,7
2,8,12,31,34,35,5
12,14,19,20,23,25,4
8,11,25,30,31,33,7
4,5,21,30,36,37,5
2,12,13,16,23,25,1
6,8,14,25,26,31,1
12,15,24,26,31,33,1
11,19,21,22,26,30,4
1,8,10,12,16,26,6
2,7,10,11,29,32,5
5,7,14,15,16,35,7
3,9,15,24,30,35,7
1,3,7,18,28,34,7
6,17,22,24,26,31,6
2,3,6,20,21,30,2
7,10,11,19,23,25,6
3,9,14,19,27,31,6
2,4,7,24,32,36,1
2,8,16,23,29,36,3
1,8,20,21,33,37,2
4,8,27,30,34,36,6
2,12,20,22,24,32,5
12,13,16,18,35,37,5
11,19,22,23,25,36,5
2,6,12,16,21,26,5
3,5,10,11,12,21,3
8,23,26,31,34,35,5
9,13,21,22,24,31,1
3,7,15,29,31,34,7
2,3,18,20,26,35,2
2,6,19,29,36,37,7
7,11,26,27,28,34,6
6,7,17,18,25,35,4
4,12,16,21,26,30,6
5,8,25,29,30,31,4
9,16,21,24,26,33,7
1,15,21,23,26,36,3
4,12,19,23,27,31,1
3,8,30,34,35,36,7
1,5,11,18,26,30,3
3,15,26,27,36,37,5
1,11,21,25,26,31,4
4,8,21,22,24,29,1
9,15,25,26,28,32,3
2,11,12,18,24,26,5
7,20,23,24,25,36,7
4,8,14,21,27,37,3
5,8,11,21,35,37,6
9,15,25,30,32,33,7
3,8,9,10,16,36,6
1,2,14,15,28,31,2
10,12,18,21,25,35,2
6,7,11,30,33,35,3
2,5,14,21,36,37,3
1,2,3,16,28,30,3
5,7,11,24,26,30,1
1,6,25,29,33,34,2
5,10,12,20,22,31,1
7,21,26,31,32,35,6
2,8,12,17,21,24,3
3,8,10,23,24,34,3
14,19,30,34,35,36,4
9,11,21,25,26,32,6
5,6,7,16,23,36,1
4,5,18,23,32,36,4
1,2,3,14,23,29,7
2,21,22,23,28,30,4
18,22,25,26,27,33,3
4,15,17,20,21,25,4
8,9,19,27,28,33,2
5,17,19,22,25,32,1
1,2,9,12,26,29,2
1,8,21,23,28,32,5
3,5,7,27,35,36,2
3,11,12,15,22,33,7
1,8,14,21,23,31,2
7,16,17,18,20,36,1
8,13,15,21,23,26,3
6,8,9,11,17,31,1
8,12,13,16,30,37,2
3,5,12,23,24,32,7
1,3,5,11,19,24,5
2,14,15,23,27,31,3
1,4,14,23,29,30,7
2,3,10,11,28,34,6
12,19,23,30,35,37,5
6,13,14,22,28,29,6
2,7,8,14,31,34,5
11,13,24,26,29,34,6
2,10,14,32,34,36,7
1,5,11,13,21,35,2
18,21,22,23,25,36,2
3,5,7,8,32,37,5
7,10,22,23,27,36,3
2,4,25,30,33,37,6
1,2,17,19,29,32,4
15,16,17,25,27,30,4
14,17,29,31,32,35,5
8,15,20,26,27,34,6
8,12,18,20,29,32,3
3,10,15,24,28,37,4
14,16,27,28,32,36,5
2,19,22,25,26,28,3
5,10,14,25,27,33,2
7,10,16,21,25,28,5
1,2,20,21,25,28,1
3,23,25,28,29,33,4
7,25,27,31,32,34,7
2,3,8,15,19,34,6
5,6,7,12,33,36,7
1,3,13,14,17,36,5
4,16,21,26,28,30,2
6,7,22,30,31,36,6
2,4,5,11,15,24,7
3,10,23,27,32,37,6
6,13,15,17,19,35,3
7,8,20,26,30,34,2
12,21,25,27,29,31,2
2,7,10,20,23,32,7
15,16,20,24,28,35,6
15,19,22,29,33,37,7
2,4,5,7,24,33,1
3,12,16,21,26,36,1
1,2,14,15,18,32,1
6,15,20,25,28,30,5
2,15,17,18,20,34,2
2,7,9,14,23,24,6
10,13,20,35,36,37,1
9,18,20,31,32,37,3
2,4,17,20,26,34,4
7,12,15,27,33,37,3
1,3,4,7,20,34,3
3,9,12,17,24,30,2
5,8,10,16,19,31,7
12,16,24,29,33,35,2
3,5,10,11,34,36,6
4,15,16,17,35,37,3
9,13,16,17,34,35,5
15,18,21,29,31,34,6
15,19,29,31,34,35,7
10,11,14,19,20,29,2
6,7,12,18,25,26,1
9,16,18,20,21,25,6
1,2,3,5,22,28,5
8,12,15,23,34,35,3
16,17,21,28,33,37,4
17,18,24,30,36,37,2
4,6,8,32,35,37,1
4,7,12,18,20,36,1
9,15,17,18,25,26,3
1,2,10,15,25,32,6
7,10,14,18,20,36,2
1,5,13,24,30,37,6
1,4,11,26,28,34,7
15,17,23,24,27,31,2
1,16,20,24,29,36,5
7,11,17,21,23,37,2
1,2,9,21,22,36,3
3,11,15,17,22,23,1
1,6,19,23,33,37,3
4,11,17,24,25,30,3
21,24,30,32,36,37,4
6,10,16,20,23,30,1
5,16,19,25,28,34,2
4,16,19,29,30,32,6
1,3,4,18,24,26,3
2,8,12,17,26,35,7
8,11,13,16,32,37,7
5,9,12,16,20,26,1
2,9,20,22,23,33,2
6,10,16,19,27,32,5
7,12,18,23,34,36,4
2,16,17,31,35,36,5
3,12,15,16,27,34,2
10,16,21,23,35,37,7
4,8,12,14,22,24,4
1,12,14,20,21,29,2
5,11,13,14,34,36,4
3,4,19,23,27,33,6
3,14,17,24,30,35,4
10,14,19,20,23,34,5
12,13,15,26,28,36,4
7,8,11,13,15,28,1
5,12,17,19,24,34,2
6,16,18,22,26,31,7
5,6,8,12,29,35,7
6,14,16,19,21,30,2
6,13,21,23,24,29,1
8,12,13,19,23,29,3
4,5,7,8,15,33,7
8,10,17,19,24,32,3
4,11,18,19,22,28,2
3,7,14,17,18,20,1
2,7,8,9,13,28,3
2,17,19,21,26,31,6
13,20,25,28,33,35,8
19,23,24,28,29,33,5
1,9,10,11,15,21,1
1,10,12,17,26,30,1
10,16,19,24,27,32,4
1,4,18,20,26,31,2
3,7,9,18,30,35,3
7,20,24,26,34,36,5
8,12,21,31,33,34,1
7,10,12,13,30,36,7
5,7,21,25,36,37,6
4,11,13,20,29,33,5
6,7,12,22,26,37,7
7,12,16,22,25,28,7
5,21,25,26,29,37,7
3,11,29,32,33,35,6
4,13,21,24,26,31,7
2,13,14,19,31,35,1
2,9,10,22,31,37,8
7,8,10,16,28,35,7
6,8,10,20,22,36,5
2,5,6,9,17,35,1
3,8,11,19,21,32,1
5,8,19,23,28,36,2
3,7,11,16,17,36,1
3,11,12,20,27,34,5
12,19,23,25,28,32,1
6,9,12,18,23,25,1
4,9,12,16,21,31,5
7,13,14,21,35,37,7
11,12,14,15,32,34,8
12,15,19,31,35,37,5
21,22,26,29,33,36,2
18,20,21,24,25,31,7
2,11,24,31,35,36,2
8,11,16,30,31,33,5
1,11,15,17,29,32,3
4,5,14,17,23,35,5
8,9,21,28,32,33,8
13,14,26,32,33,36,2
10,17,29,32,34,35,4
13,14,21,30,32,37,1
3,14,24,29,30,33,6
13,14,18,31,34,35,7
2,14,15,16,25,35,5
4,15,20,21,27,32,7
13,14,26,32,33,36,1
3,4,5,27,29,30,4
14,16,21,22,24,35,2
1,4,13,16,34,36,6
4,5,16,17,30,35,5
10,15,24,25,30,37,6
12,13,16,18,22,36,7
1,7,11,15,21,34,3
3,8,11,12,25,27,3
1,10,12,13,15,37,1
1,7,12,14,25,30,4
8,17,18,24,26,31,2
12,17,18,19,21,37,3
7,8,18,19,20,33,8
15,19,27,28,30,31,3
1,6,7,13,19,29,7
1,6,9,24,35,36,5
3,4,5,14,26,32,4
2,9,13,20,21,24,4
1,8,9,10,16,37,5
6,9,20,22,27,36,4
6,8,9,16,25,36,2
7,9,21,23,24,27,5
4,8,12,14,29,37,3
3,4,6,8,15,20,3
1,11,13,27,29,32,1
6,10,14,16,28,31,5
8,15,23,25,26,37,8
2,11,16,18,22,29,1
4,5,6,7,10,28,6
2,6,17,20,21,30,5
7,8,15,23,25,26,8
11,12,23,25,28,31,1
10,22,25,29,31,34,8
2,10,15,26,28,34,4
2,10,11,12,19,34,8
1,4,17,19,27,36,5
9,10,12,16,20,23,2
18,19,23,24,28,31,3
2,3,9,18,23,30,5
4,8,14,19,35,36,4
4,17,19,22,32,35,3
1,10,12,19,30,32,3
1,2,12,16,22,25,3
9,18,31,33,34,35,7
2,8,9,18,20,27,7
2,3,5,8,10,14,4
4,7,22,29,31,36,3
6,10,23,24,28,36,4
1,11,20,27,28,30,4
5,11,14,15,21,32,3
12,15,21,24,28,34,7
2,11,18,22,31,36,2
6,9,10,21,26,27,6
1,5,10,22,28,30,8
7,11,15,25,30,36,1
8,12,21,25,27,31,2
4,11,12,14,25,29,1
14,15,21,27,30,32,2
1,2,13,15,24,26,1
7,8,9,13,20,33,1
6,7,27,34,35,36,7
6,11,18,25,29,33,5
7,16,21,24,26,34,8
13,23,25,29,31,35,2
3,4,13,15,18,19,6
1,2,13,24,30,32,2
1,8,11,13,15,25,4
11,18,24,26,31,34,6
7,19,22,24,28,37,7
5,13,14,15,18,30,1
14,23,26,27,33,35,5
2,11,14,24,28,30,1
9,10,11,14,24,33,6
6,9,19,25,32,33,6
10,12,14,15,28,37,4
2,7,9,10,12,20,4
1,3,4,32,33,35,2
3,6,22,32,33,36,4
1,11,12,27,31,35,4
7,8,12,13,29,31,8
6,8,14,21,23,24,7
16,19,22,24,26,28,2
10,15,19,25,34,36,1
9,21,22,23,25,35,7
4,6,12,23,26,30,6
1,6,15,20,22,24,4
3,22,25,28,33,34,3
1,11,13,24,29,31,8
9,10,16,27,30,34,3
5,6,7,24,29,33,8
1,14,16,17,27,36,4
2,12,13,18,28,30,4
5,6,14,31,32,34,4
4,17,18,22,31,32,6
3,11,17,18,25,33,4
3,6,9,11,25,32,7
6,8,17,20,22,25,1
3,10,11,23,24,25,1
5,7,19,23,30,33,5
8,14,25,27,31,37,3
1,3,10,14,23,37,3
2,11,15,19,28,36,6
2,6,12,17,32,37,6
3,12,20,22,25,28,8
1,14,16,17,26,34,4
4,8,14,21,22,34,8
2,4,8,11,16,34,2
2,6,8,18,21,29,8
5,6,10,23,25,34,8
21,23,25,30,31,33,2
14,17,24,30,32,35,7
8,14,20,21,28,35,1
3,10,14,17,22,37,3
4,8,11,16,27,31,1
7,8,11,12,20,35,6
6,7,14,16,17,28,8
1,10,21,22,31,34,3
12,17,20,22,25,30,3
8,11,17,21,25,31,2
7,16,20,22,32,34,8
4,13,16,23,33,37,4
4,5,11,28,29,34,1
1,3,16,23,33,37,8
3,5,20,27,33,37,1
1,2,4,22,29,36,4
2,3,4,17,20,26,4
3,7,17,19,21,33,6
6,20,30,32,34,35,7
6,7,10,15,16,20,3
4,17,18,24,26,37,3
2,3,13,14,20,26,2
8,9,14,18,22,37,5
6,11,21,24,25,26,6
2,11,12,21,35,36,6
2,12,24,25,27,28,5
6,11,13,17,26,31,7
8,9,11,28,30,35,2
20,27,30,32,34,37,3
6,18,19,23,27,31,4
2,8,10,18,21,28,2
9,12,14,15,23,34,1
13,23,29,31,32,34,1
5,6,8,16,18,30,3
6,9,12,19,27,32,4
2,22,24,32,36,37,7
2,5,9,17,23,33,3
21,23,29,30,31,35,2
4,5,10,11,30,37,4
4,15,20,30,31,35,2
3,6,18,26,27,34,6
13,16,17,19,21,28,4
7,9,28,29,36,37,1
16,24,29,32,36,37,3
5,11,15,20,21,26,5
2,6,13,21,27,31,7
1,5,6,16,27,33,3
10,17,19,32,35,37,4
13,16,18,25,32,33,7
9,12,17,18,33,34,5
4,5,10,11,20,25,5
3,18,21,24,27,29,1
15,17,21,35,36,37,6
1,9,17,25,28,33,2
2,8,21,22,33,35,4
12,13,20,24,28,31,1
2,8,12,21,26,28,5
3,4,12,14,20,31,2
7,9,10,11,20,33,3
3,8,10,11,19,31,2
5,11,15,28,30,34,2
1,2,10,14,17,21,1
1,7,10,24,28,35,1
14,15,16,23,25,35,2
8,14,24,28,34,35,8
3,4,6,25,27,32,7
12,13,17,22,30,33,5
9,11,15,22,24,27,6
1,8,10,16,26,30,6
6,9,12,19,25,29,7
1,4,5,6,19,30,8
4,5,6,8,25,29,9
9,13,15,17,19,32,5
6,10,11,21,23,31,9
3,6,7,10,23,25,7
1,9,10,12,19,34,1
1,5,16,19,26,33,7
7,9,24,25,30,34,8
2,3,11,12,20,30,4
3,4,6,17,27,31,9
5,24,26,27,29,30,5
11,15,17,18,29,30,5
2,4,13,19,29,31,7
10,15,24,29,32,33,5
6,8,10,18,31,32,9
12,20,24,26,30,33,3
1,2,15,17,19,25,7
9,11,12,17,19,23,1
4,11,20,22,30,32,9
4,5,10,19,28,30,6
5,11,12,18,26,34,5
3,17,24,27,30,31,10
4,7,18,21,28,30,5
5,14,15,23,25,34,1
3,8,13,17,22,29,8
2,7,12,16,29,34,5
9,15,18,22,23,24,3
4,8,15,22,28,31,7
4,8,25,26,29,31,4
7,10,13,19,29,33,7
5,19,22,27,29,34,5
5,10,14,15,24,31,9
2,5,11,21,24,31,3
3,9,10,15,17,26,2
2,6,14,26,27,30,2
6,10,23,28,29,30,4
1,7,8,19,24,26,4
7,10,11,13,23,33,6
4,8,17,18,22,32,1
4,7,13,14,15,20,2
9,10,20,24,26,27,7
4,5,14,18,24,31,4
2,9,13,16,20,23,5
3,4,5,7,10,16,6
3,5,9,16,18,26,2
3,12,14,22,27,33,7
10,14,17,26,30,33,10
4,19,24,25,30,34,4
2,3,5,11,13,24,2
13,15,18,22,23,31,3
4,9,12,24,29,33,7
1,5,9,23,24,30,6
13,18,25,26,31,32,1
4,6,15,23,27,33,3
1,2,8,10,19,22,5
10,14,18,19,21,23,5
12,18,19,23,28,29,3
2,9,18,26,28,33,6
3,8,13,20,31,33,10
1,12,17,21,28,32,8
1,19,20,22,28,34,4
2,11,13,17,32,34,6
5,15,21,22,27,29,10
3,10,13,18,21,31,3
12,15,17,18,26,31,9
11,12,13,21,23,24,7
5,8,12,16,21,25,1
3,16,20,23,27,28,5
3,19,25,26,32,34,10
4,11,13,17,24,28,10
4,7,11,14,22,25,7
1,9,15,16,19,34,2
2,9,13,19,23,32,3
3,7,8,22,24,30,8
2,4,19,27,33,34,8
4,12,14,21,24,30,2
1,2,17,18,32,34,6
3,4,6,13,21,30,6
2,8,20,25,31,32,9
2,3,4,12,18,28,6
1,2,16,17,20,31,3
1,12,16,20,22,23,8
5,9,13,24,27,31,2
6,12,13,16,28,32,6
6,11,18,25,29,30,8
3,10,18,27,28,30,2
11,18,22,24,26,29,5
4,13,19,23,27,28,1
1,2,3,6,7,17,6
5,7,9,17,25,30,8
1,5,8,14,21,23,10
6,11,23,25,28,29,3
3,12,19,26,29,33,8
2,10,11,13,14,17,7
6,9,12,18,19,31,6
5,7,12,16,18,34,4
5,7,9,20,26,31,9
13,28,29,31,32,34,10
2,4,21,26,27,33,4
8,11,14,26,28,29,1
5,13,17,22,25,34,7
1,7,8,16,17,24,3
6,19,20,21,25,32,9
9,11,12,20,30,33,7
5,7,15,23,27,32,4
7,14,15,24,27,34,9
3,4,22,23,24,26,1
3,7,13,15,21,26,7
3,8,14,16,17,21,3
9,17,18,20,33,34,8
2,12,20,24,29,31,9
6,10,16,17,20,32,8
2,7,8,14,21,33,2
2,3,23,25,31,32,8
6,14,17,26,30,32,7
2,3,7,15,17,28,8
7,12,17,21,25,29,2
2,3,7,11,20,28,8
10,12,16,28,29,31,6
8,10,17,22,26,31,1
4,7,11,15,18,31,9
1,3,6,18,22,28,2
5,15,17,23,27,30,2
2,3,9,10,14,18,5
2,5,14,20,22,30,8
3,11,13,16,17,33,8
3,4,15,17,18,33,9
14,17,18,22,25,34,5
5,13,25,28,32,34,6
10,14,17,23,24,34,9
3,14,16,23,24,31,1
3,4,8,11,17,19,9
1,2,7,27,29,31,3
7,11,15,19,22,27,3
7,11,15,20,31,33,6
3,4,9,14,15,30,3
3,7,11,14,23,28,4
5,8,10,15,26,30,6
1,19,22,25,27,32,2
10,12,13,19,21,28,4
3,5,15,23,28,32,7
10,14,23,27,30,31,10
2,5,10,11,17,22,4
11,12,15,17,19,31,2
4,7,9,10,24,33,8
6,8,14,18,19,29,5
10,14,17,21,29,30,5
2,7,8,12,26,29,3
5,10,12,22,32,33,1
4,10,12,15,21,29,3
1,2,3,5,33,34,2
1,2,11,18,28,34,3
1,6,7,10,26,29,6
8,16,17,22,23,24,1
4,16,19,28,30,32,10
3,4,9,16,23,27,3
3,12,15,26,33,34,10
3,10,18,21,25,27,2
2,6,22,31,32,33,5
3,14,20,31,33,34,7
1,3,8,11,20,31,9
20,28,29,30,32,34,3
7,13,15,22,30,32,5
5,13,21,25,31,33,3
6,7,12,21,28,30,8
3,9,10,16,30,32,8
3,7,9,15,18,29,1
4,6,8,10,17,34,10
5,6,9,16,19,22,8
5,9,10,11,29,31,6
1,3,7,20,21,22,7
9,12,23,24,28,33,4
7,13,22,24,27,28,3
6,7,10,12,22,30,4
5,7,12,15,20,25,5
2,7,10,21,25,33,6
6,7,9,15,28,33,9
7,9,14,15,24,34,6
2,4,16,18,26,34,2
2,12,21,24,25,27,9
5,6,7,24,26,29,3
8,14,22,28,31,33,5
3,7,19,21,27,31,9
5,6,9,17,27,32,4
9,12,18,21,23,28,1
5,6,9,21,24,28,2
13,17,20,21,25,34,7
3,4,11,23,24,34,10
6,9,13,16,24,32,4
1,7,9,16,17,29,8
1,3,21,23,27,32,6
5,8,13,14,16,29,10
2,3,8,22,24,34,4
3,8,9,24,26,27,9
3,6,7,15,18,20,6
2,4,9,24,33,34,9
6,10,11,25,31,32,7
4,15,21,26,27,28,9
10,11,19,25,26,27,9
1,3,5,14,19,22,8
3,14,16,22,28,29,7
8,9,21,28,30,32,2
1,3,14,19,26,31,9
5,6,17,20,24,28,3
1,9,10,17,26,34,1
5,18,20,24,26,29,10
2,3,5,6,12,32,6
14,17,20,24,25,31,7
6,8,12,24,25,31,4
1,7,22,26,31,32,3
7,12,22,24,26,30,4
4,9,10,12,21,32,8
2,18,19,20,26,31,4
1,12,20,31,33,34,7
2,4,10,15,21,30,4
3,12,20,25,28,32,6
6,10,16,24,27,30,1
7,8,21,28,29,31,3
3,4,12,14,33,34,9
2,5,6,20,28,30,7
1,8,11,12,25,30,9
17,24,27,30,31,34,8
9,15,19,27,28,32,7
10,11,16,20,23,33,10
15,26,29,30,33,34,7
9,11,19,20,27,28,4
8,16,21,23,26,28,4
3,4,12,21,30,34,8
6,14,18,24,25,27,8
6,10,15,20,27,33,2
10,17,21,26,28,29,8
1,20,21,27,29,32,9
3,23,27,32,33,34,6
3,4,8,15,22,32,7
3,14,22,24,32,33,7
4,6,10,18,24,34,4
1,4,8,14,27,33,4
3,20,21,22,26,31,8
7,17,18,20,21,26,3
1,17,21,25,26,34,4
15,17,19,26,28,32,7
7,9,14,18,22,23,8
2,6,13,22,29,34,7
7,11,13,16,22,28,6
11,13,15,19,31,33,2
4,5,8,13,20,26,8
2,5,21,27,29,33,10
3,8,10,16,19,33,1
1,2,13,22,25,33,9
9,12,24,28,30,32,7
1,3,19,27,30,32,6
8,14,22,25,27,30,9
2,9,11,15,19,30,9
5,8,10,24,33,34,2
3,10,18,25,26,34,10
1,8,17,19,21,31,4
4,11,13,20,21,27,2
1,3,6,26,30,31,7
3,4,13,26,27,33,2
3,15,18,23,26,31,4
1,11,12,21,23,31,10
1,7,16,21,26,33,7
2,6,7,11,12,22,5
7,8,12,17,23,33,10
1,10,14,17,27,32,2
5,7,8,14,30,34,1
4,10,18,28,31,32,3
2,6,9,16,27,31,1
1,14,15,26,29,32,6
2,7,28,29,31,32,7
5,18,20,26,28,34,3
3,17,20,21,22,28,3
10,15,22,26,29,34,5
14,16,19,22,25,32,10
1,2,4,12,14,23,3
2,4,16,23,24,29,8
3,5,9,13,14,21,4
1,7,21,23,29,31,5
3,18,23,28,29,31,2
6,10,20,22,29,34,2
1,2,17,22,27,28,5
8,9,18,24,31,33,3
11,19,21,24,25,30,8
2,5,11,15,22,26,10
1,6,9,17,27,31,9
6,8,15,28,29,34,9
1,2,7,13,14,32,10
4,7,9,13,16,18,9
13,15,19,22,28,32,2
3,5,16,17,24,31,7
4,12,14,17,19,20,6
5,11,12,16,30,33,3
6,11,13,21,26,27,6
3,10,11,22,23,24,8
3,8,9,14,17,22,10
4,10,11,21,23,34,6
6,9,14,21,23,27,3
2,8,11,21,32,33,2
1,7,14,15,17,24,8
3,10,16,20,24,29,2
2,8,10,11,17,31,6
2,3,5,11,19,26,2
2,9,13,21,23,29,10
1,12,23,25,31,33,6
4,8,13,17,22,30,10
7,24,25,28,29,30,8
5,6,8,19,21,30,8
11,15,16,18,21,23,9
1,12,15,20,26,27,5
8,15,25,26,28,34,3
4,6,21,27,29,30,3
1,8,14,17,18,26,4
3,22,23,25,27,32,1
17,21,24,26,29,30,1
2,22,23,24,33,34,5
1,9,23,25,32,34,1
2,7,16,19,23,32,8
12,19,21,26,32,33,1
5,14,20,21,23,28,1
1,3,5,15,20,26,10
1,2,5,10,11,24,8
19,21,25,28,31,34,10
6,8,9,17,27,29,2
8,12,16,18,25,28,3
1,11,14,16,26,27,4
1,6,12,16,22,33,4
1,5,8,24,25,28,4
2,6,12,23,28,32,10
3,12,13,20,28,32,5
3,14,18,24,27,30,6
9,15,16,18,25,27,4
4,5,6,16,19,22,5
1,3,7,24,29,30,3
12,13,26,28,29,30,2
6,10,16,22,27,29,9
1,3,11,16,18,30,1
4,5,21,22,32,34,10
1,4,11,23,26,29,3
1,2,8,12,31,33,6
8,16,23,26,28,29,2
8,11,14,17,25,29,5
8,10,22,29,33,34,9
2,3,5,20,31,32,10
1,3,9,20,28,34,1
14,18,19,26,27,34,5
2,3,9,12,18,24,9
2,4,13,17,19,26,8
12,21,23,24,30,31,1
16,18,20,21,28,32,1
1,6,9,11,16,27,9
2,7,15,21,30,34,9
3,5,9,20,21,28,10
3,7,9,18,20,30,8
6,10,17,19,21,22,10
1,8,17,21,33,34,10
4,8,11,25,28,29,3
2,5,10,11,16,17,7
4,8,16,20,24,33,8
2,15,19,24,32,33,6
1,8,10,28,30,32,1
1,10,15,18,22,34,1
3,10,14,22,29,34,8
1,2,8,20,26,33,8
7,15,21,26,32,33,3
6,11,15,25,29,31,4
1,4,6,10,32,34,7
5,13,16,18,19,28,9
1,4,15,22,24,33,3
5,14,15,23,25,34,7
2,8,16,23,24,34,9
6,20,23,26,29,32,10
4,7,14,20,23,27,7
1,11,14,18,20,29,3
6,8,10,13,27,31,6
2,3,22,27,29,32,6
6,8,17,23,25,28,3
2,7,11,15,21,24,5
6,10,13,16,26,31,4
5,9,18,20,31,34,6
2,12,18,20,24,34,8
7,8,11,13,14,23,10
6,11,13,22,30,31,4
5,10,15,21,24,32,7
1,3,5,14,17,19,5
6,10,12,17,20,26,9
3,10,11,21,23,33,7
8,13,15,19,21,24,5
2,12,20,26,33,34,5
1,15,18,19,33,34,8
12,14,15,24,27,28,7
5,8,14,15,17,24,10
6,13,16,19,22,27,9
6,16,19,25,29,30,2
13,16,25,29,30,34,4
6,14,21,32,33,34,7
6,7,14,23,25,26,5
1,9,15,18,27,31,2
2,4,8,14,17,18,10
3,17,20,23,26,32,5
5,9,11,24,29,34,7
4,5,8,13,18,20,5
6,10,11,16,30,32,3
6,11,18,24,29,33,7
7,11,16,17,23,31,4
7,8,17,21,24,31,1
6,11,14,16,28,31,1
6,15,17,27,30,32,10
3,4,18,20,22,32,10
7,8,10,14,20,21,9
6,13,21,22,28,33,2
8,10,11,14,31,32,5
15,18,19,25,31,34,6
2,12,20,26,29,31,9
9,17,27,28,29,32,1
2,5,8,18,24,25,8
8,16,18,21,22,25,5
7,8,9,23,30,34,7
8,9,13,16,23,31,9
3,8,10,20,30,31,9
3,9,14,19,25,29,4
6,10,23,24,30,34,10
4,6,17,18,20,27,1
3,18,20,28,29,32,6
6,20,25,26,27,33,7
1,3,10,22,30,32,3
2,7,20,25,27,32,3
5,10,16,19,21,27,2
3,15,16,18,22,33,9
1,5,8,10,29,31,4
1,7,12,17,19,20,4
8,14,16,21,28,30,5
5,11,12,15,25,32,1
3,4,9,23,29,30,8
1,2,18,26,29,32,8
1,9,22,24,25,26,8
1,11,12,15,23,32,4
1,8,12,13,21,30,5
1,8,13,18,20,24,7
10,12,19,21,26,30,7
9,15,16,22,24,29,5
1,3,16,20,21,26,5
2,6,7,17,24,28,10
5,9,10,29,30,34,7
16,22,26,31,33,34,1
5,9,12,17,25,30,10
8,20,24,25,31,34,3
5,8,9,21,23,33,1
4,7,23,25,27,31,6
7,9,16,18,21,26,5
3,4,13,17,21,30,2
1,11,13,18,25,30,10
15,18,29,31,33,34,2
8,13,21,24,29,31,3
2,6,12,14,16,33,5
11,16,19,24,25,29,3
2,14,15,17,22,30,10
8,13,17,20,27,34,8
9,20,21,26,30,31,5
3,11,23,26,31,33,7
2,3,14,25,28,29,6
11,12,16,22,23,29,1
9,15,23,27,31,34,7
1,2,9,17,25,26,4
2,4,9,20,25,28,5
1,3,18,21,23,32,5
2,9,11,15,16,19,4
6,10,19,21,25,26,7
10,11,12,14,18,21,1
3,8,9,14,20,24,4
8,9,19,21,26,31,7
3,12,13,18,28,29,4
1,5,15,26,32,34,8
3,13,14,17,23,24,3
3,4,12,13,17,19,10
3,4,13,22,24,28,4
2,10,12,13,20,27,5
2,4,6,10,11,17,10
7,10,14,18,22,32,2
7,8,11,12,13,22,8
3,6,7,18,24,25,2
2,4,17,18,21,34,1
6,9,19,21,30,33,3
8,15,20,24,29,33,10
1,5,8,10,18,23,9
8,9,17,19,26,27,4
1,2,4,10,11,13,10
2,3,12,17,24,33,2
3,4,6,7,14,20,6
9,17,20,28,30,34,2
2,8,9,15,27,33,7
2,7,19,21,24,28,2
2,8,16,22,23,34,10
1,5,9,15,21,32,8
10,13,19,31,32,33,2
5,11,15,16,19,27,9
5,6,11,15,29,33,10
7,16,20,23,27,33,10
1,9,10,27,32,34,5
7,10,19,30,33,34,7
2,9,11,19,22,23,7
2,3,14,28,30,34,10
19,24,27,29,32,33,10
9,13,16,24,33,34,3
1,4,9,22,24,26,3
2,4,8,11,23,24,5
9,12,18,22,31,33,5
2,4,9,10,24,26,2
1,4,12,17,18,30,7
1,11,13,15,20,21,2
7,19,27,29,30,33,9
6,13,15,18,22,27,5
1,6,11,15,19,26,9
7,8,9,10,23,27,9
10,17,25,26,27,30,3
14,22,25,28,30,34,4
6,8,15,25,26,28,7
5,14,15,16,17,20,6
5,9,12,24,27,30,9
2,6,8,16,17,19,7
10,12,16,22,28,32,6
2,5,11,23,24,25,7
5,7,21,22,28,33,1
16,19,20,22,28,31,2
6,14,18,19,27,33,5
5,7,9,11,24,34,9
3,14,18,24,31,34,3
8,14,21,23,27,29,9
8,14,19,27,28,34,2
6,9,14,20,28,32,4
2,4,11,20,24,25,9
9,11,17,19,22,27,8
2,5,19,24,30,34,6
10,11,13,14,17,21,8
2,19,27,29,31,32,4
10,11,13,15,30,32,8
2,21,22,24,25,26,6
11,15,18,20,22,28,5
1,7,9,16,26,33,7
4,7,20,21,26,32,4
4,6,8,19,29,31,9
2,9,13,15,16,18,2
3,6,8,13,14,32,7
6,7,10,12,29,32,3
3,4,7,14,27,29,2
12,20,24,30,35,40,6
7,20,21,30,39,44,40
20,21,33,37,39,40,32
3,9,10,40,41,42,35
4,17,19,31,36,43,37
5,6,9,27,33,40,29
7,14,20,34,38,40,35
8,18,20,36,37,40,24
1,8,18,31,33,37,6
9,16,18,38,40,41,15
6,7,32,35,43,45,3
4,14,19,20,26,40,31
10,12,28,36,39,40,43
3,4,9,15,23,24,6
1,20,22,24,37,44,28
18,20,35,37,40,45,10
9,16,21,26,28,38,25
4,12,13,34,38,44,24
12,14,26,32,39,41,19
8,20,22,25,31,35,45
17,35,38,39,42,44,13
10,11,21,22,36,44,14
11,20,24,30,42,43,14
1,16,17,18,20,30,45
11,12,20,26,29,44,6
1,10,25,28,32,38,13
4,9,15,20,32,39,11
9,12,13,18,21,42,25
8,12,13,38,39,43,22
2,20,21,27,30,39,37
9,25,30,31,37,45,18
3,17,20,28,33,35,22
6,7,15,23,35,38,28
4,7,21,28,33,40,19
1,13,15,23,27,41,7
19,20,23,28,29,43,38
3,16,23,24,26,27,21
6,12,14,21,26,38,24
6,7,17,21,26,38,3
4,7,21,23,26,36,40
1,5,17,28,40,43,23
9,16,18,20,22,39,43
15,24,25,26,33,37,32
1,11,16,28,29,31,41
2,11,33,34,43,45,7
3,8,11,21,26,38,36
16,19,24,30,32,39,15
10,17,24,32,38,41,6
7,8,9,20,28,40,14
2,13,18,19,27,43,25
1,7,10,18,25,35,39
1,9,25,29,34,38,2
4,5,6,12,31,45,27
5,12,21,36,37,38,33
5,8,11,26,32,36,13
9,10,17,28,30,41,34
2,6,8,9,10,17,36
3,7,11,16,19,26,23
12,15,26,38,43,44,36
3,18,24,27,28,37,12
1,2,3,18,29,33,27
8,9,16,23,27,32,30
1,10,14,15,30,35,27
2,3,16,20,37,45,43
2,8,38,40,43,44,31
6,15,18,34,42,45,32
1,3,12,19,22,26,17
3,8,11,18,29,40,37
4,14,33,35,40,42,11
12,13,21,22,28,32,44
1,5,7,11,24,41,9
10,11,18,26,35,36,33
14,22,27,37,42,45,9
7,12,15,35,40,41,39
10,13,29,32,35,44,21
7,11,20,28,35,36,39
18,26,31,35,41,42,22
1,5,26,31,36,43,13
6,9,15,29,34,40,22
5,18,21,28,39,40,26
2,11,16,23,29,36,41
6,12,13,28,35,45,22
19,20,27,38,39,41,28
1,4,14,20,33,43,37
10,12,21,26,32,41,45
14,21,25,32,34,37,2
8,19,25,30,33,42,44
2,11,14,20,28,44,12
1,2,3,11,16,20,18
7,10,17,18,35,40,22
1,4,11,39,40,41,22
2,5,9,15,23,42,18
5,12,13,29,31,37,11
18,21,26,33,40,42,37
14,16,23,34,37,40,18
13,16,20,23,30,42,29
8,19,26,39,41,44,30
5,7,13,19,31,35,23
15,20,23,25,27,28,14
4,5,8,28,40,43,34
1,2,9,12,26,45,8
5,6,7,15,22,30,2
1,11,19,28,35,43,13
15,18,25,27,29,40,2
15,18,24,34,35,45,29
4,5,19,24,27,40,28
2,5,18,30,40,43,44
2,5,10,26,32,39,40
15,16,17,36,38,41,22
8,15,21,27,36,37,44
3,17,19,30,37,41,14
4,7,18,21,30,44,5
25,30,32,34,37,40,39
7,9,23,36,38,41,33
14,20,25,27,35,36,37
6,24,25,27,28,45,42
11,17,24,29,32,36,3
6,9,18,23,30,42,26
14,15,23,24,35,36,12
7,9,15,23,41,43,14
1,2,18,23,24,36,43
11,16,17,20,35,45,31
5,6,12,29,38,45,44
8,17,18,22,31,45,15
2,5,8,24,34,40,44
1,2,5,21,32,41,19
3,13,17,39,43,45,2
15,23,26,29,37,44,36
2,7,23,24,31,37,27
5,9,10,16,24,26,42
4,10,26,31,32,45,41
11,16,19,24,31,44,25
7,8,12,17,31,36,13
8,14,22,28,30,39,11
7,14,15,17,27,43,45
8,17,20,25,28,45,18
6,14,24,28,30,35,39
14,18,28,30,38,39,42
11,19,34,35,37,40,2
8,10,25,28,31,36,44
3,18,20,25,31,35,42
3,13,18,20,21,33,2
7,13,17,22,43,45,35
2,5,10,11,17,35,3
1,13,17,20,37,43,33
2,7,11,17,25,28,29
6,11,17,19,24,36,38
10,13,22,24,35,37,1
1,18,34,35,41,42,2
5,10,22,32,34,37,27
5,9,14,24,30,43,7
8,11,16,21,34,36,17
20,21,24,28,30,35,45
4,6,8,19,36,42,2
12,14,20,22,31,40,19
1,2,7,26,27,32,12
6,8,17,22,31,39,15
12,21,23,26,44,45,11
8,17,19,29,36,37,26
2,9,10,12,18,24,41
12,25,26,28,30,44,41
11,14,18,23,30,39,1
6,8,26,27,32,33,23
6,7,9,19,25,30,27
4,10,18,31,35,40,19
4,8,15,23,31,32,5
2,5,9,12,21,27,20
6,17,29,32,33,38,25
7,9,10,21,22,39,32
4,9,12,16,20,24,14
7,11,16,25,31,38,32
1,17,25,35,38,45,26
8,14,17,24,35,41,25
6,11,14,16,19,33,21
12,14,24,25,34,40,16
3,7,10,24,35,43,20
5,13,19,21,25,32,4
1,11,16,35,38,44,33
10,21,28,30,31,35,19
12,20,31,38,39,43,7
13,17,23,36,37,42,45
21,23,31,33,37,43,30
6,11,13,23,28,44,38
20,22,24,30,32,43,31
7,12,17,21,33,40,45
2,21,32,38,44,45,25
4,6,19,26,29,38,34
16,20,21,27,33,38,2
6,11,12,22,23,27,35
4,5,27,37,42,43,38
2,9,12,19,22,32,14
9,13,17,22,35,44,16
5,26,30,33,34,37,27
7,15,17,18,22,28,4
5,8,11,20,22,27,25
5,11,17,39,40,43,21
9,14,26,31,41,43,29
1,3,7,14,15,44,31
5,6,11,26,34,35,44
1,8,17,24,27,42,13
1,7,26,35,40,44,21
10,37,38,40,43,45,39
5,10,21,25,27,34,23
4,12,19,27,40,43,30
7,8,10,11,18,36,21
2,5,10,15,26,42,7
4,12,13,18,38,45,30
8,18,22,31,39,45,23
3,5,27,35,43,44,23
1,10,14,16,26,37,33
13,18,22,27,29,33,25
8,11,23,36,43,44,33
1,5,11,20,33,43,23
2,6,14,25,30,31,38
1,14,16,20,28,45,19
2,8,14,22,40,41,17
4,11,13,20,43,45,42
6,7,18,20,25,27,29
5,8,18,21,29,37,16
2,8,9,20,28,33,44
8,19,28,35,42,43,30
9,16,21,23,26,44,8
1,5,16,39,42,45,44
6,10,13,19,21,39,27
3,4,9,20,31,45,21
5,22,24,34,40,42,36
2,4,13,16,17,19,38
1,9,15,18,27,34,10
8,10,21,26,41,43,25
2,17,26,30,33,41,31
1,14,33,35,37,44,18
1,6,9,18,27,28,15
1,15,25,33,35,38,13
11,15,23,29,31,37,26
8,15,19,20,27,33,23
2,10,17,19,34,39,14
1,3,7,13,16,24,29
8,19,20,23,36,37,11
1,3,7,18,40,43,33
1,13,22,32,42,43,9
6,9,12,15,23,42,32
4,7,16,17,38,40,22
2,4,15,19,29,42,23
3,8,12,22,31,42,44
2,11,29,34,36,40,38
7,9,15,16,28,34,1
3,16,24,27,31,33,23
14,16,21,22,29,38,6
9,12,30,31,37,44,24
1,4,5,12,34,42,17
2,21,23,25,30,40,27
12,33,36,39,40,42,34
19,26,35,37,41,42,10
8,15,16,19,37,45,26
5,12,26,28,34,39,16
1,9,12,18,19,20,17
8,14,25,36,37,44,16
2,22,23,29,35,44,27
1,4,16,28,33,38,2
2,7,13,22,34,38,16
1,11,15,29,38,43,30
3,9,14,15,17,42,24
4,5,7,13,15,31,34
7,10,12,19,21,28,6
2,17,24,30,31,45,41
21,25,26,31,37,44,38
7,23,29,33,36,45,31
7,21,30,33,34,45,40
6,10,13,17,18,32,35
9,11,25,37,41,43,38
4,5,8,27,36,40,35
1,3,29,34,40,42,7
6,14,15,17,20,37,23
4,6,20,30,33,41,14
4,9,11,21,33,44,5
2,9,12,19,20,25,45
2,7,17,23,25,42,33
2,7,8,19,26,41,12
2,4,5,13,26,32,33
18,21,26,30,42,44,15
8,16,17,26,27,43,1
1,5,7,11,37,45,23
20,24,30,31,37,41,35
2,21,22,33,39,44,25
10,19,22,24,38,42,11
5,8,9,22,24,41,7
4,14,24,31,38,39,17
8,9,13,27,31,41,11
2,11,12,16,40,44,3
3,19,26,27,29,40,35
4,10,13,29,32,43,44
3,6,11,19,33,43,8
6,9,12,23,33,45,41
12,21,27,30,37,44,7
12,19,23,29,31,39,34
4,7,13,18,32,40,28
22,31,34,35,41,44,6
2,4,6,14,21,43,36
9,11,16,18,31,36,42
6,7,12,17,20,37,26
13,19,25,32,40,42,9
4,7,13,15,35,45,8
21,24,27,36,44,45,2
6,13,15,32,44,45,35
17,18,26,33,37,42,1
12,19,22,29,30,41,14
6,22,27,37,42,43,34
4,21,25,30,31,34,2
4,8,12,22,24,45,42
3,6,22,24,28,38,40
7,16,25,26,29,42,37
4,8,10,16,39,40,12
3,4,15,21,23,40,39
2,10,18,25,33,36,41
4,10,25,28,31,41,24
1,13,18,19,39,43,6
3,11,18,28,32,36,40
5,7,30,35,40,44,33
20,35,36,40,43,45,15
1,10,11,39,43,44,25
3,9,11,17,22,24,16
11,16,18,26,30,39,22
22,23,27,30,36,44,21
4,7,11,24,26,38,6
5,10,20,23,24,45,33
12,23,25,29,37,40,19
2,12,16,22,27,32,7
2,4,22,23,32,34,21
8,17,28,32,35,39,5
14,20,26,31,42,45,4
2,5,13,29,30,32,12
3,26,29,40,42,45,16
21,22,23,28,29,43,13
2,8,18,31,33,38,42
2,9,10,11,28,36,27
1,14,21,22,27,44,16
4,9,13,26,34,42,12
2,9,14,35,38,41,5
4,11,12,23,24,44,10
4,12,15,20,24,40,18
25,32,38,40,41,45,9
5,16,32,35,40,43,2
10,13,17,28,34,41,39
15,20,22,36,37,44,38
2,8,16,25,39,41,20
7,9,16,26,32,43,13
2,17,26,29,33,34,37
5,10,16,27,31,44,2
4,8,16,27,35,45,5
1,4,15,22,31,39,7
2,7,8,13,15,29,26
1,3,4,25,29,40,41
3,4,7,24,30,40,28
9,15,19,22,37,44,14
3,8,10,14,21,30,42
16,21,25,27,35,36,32
12,22,24,33,36,43,4
7,9,11,12,28,37,45
9,22,26,29,30,41,16
2,20,24,35,36,43,34
6,8,17,18,39,42,1
8,9,24,29,30,32,4
2,4,12,36,37,41,38
3,5,8,18,29,37,39
8,13,19,28,41,43,27
1,6,14,22,31,35,16
12,15,16,18,33,40,43
1,5,6,8,15,16,11
2,3,22,23,36,45,21
3,14,18,25,31,35,41
16,21,22,23,25,28,31
2,3,10,25,32,36,18
4,12,16,29,32,43,3
2,17,18,21,27,41,19
12,20,23,33,35,43,41
2,6,30,38,39,44,36
7,15,22,30,36,44,35
8,28,32,33,39,40,14
4,11,30,31,34,42,5
1,10,18,27,40,43,36
5,12,16,19,38,44,26
15,22,26,35,37,38,43
1,8,9,20,24,42,21
6,13,31,32,33,37,10
1,20,21,39,44,48,30
13,18,19,20,40,42,32
20,35,36,37,40,49,12
5,10,11,16,25,46,40
4,6,16,21,26,33,43
5,7,8,17,39,42,43
1,5,8,32,34,40,44
5,12,15,29,41,49,13
12,21,24,27,31,37,42
1,4,9,26,35,41,10
9,12,24,25,38,40,18
4,12,13,24,34,49,39
3,4,10,15,17,25,26
12,16,29,38,40,45,24
1,4,19,27,34,35,28
5,21,27,29,43,45,7
9,12,25,37,43,44,48
2,10,30,31,44,46,24
14,20,21,34,42,48,6
3,13,14,15,28,29,19
11,13,31,38,39,44,19
2,11,20,26,44,47,1
3,7,10,12,22,23,29
7,10,16,26,42,49,3
4,11,20,24,30,31,37
1,4,14,22,34,37,21
27,29,32,37,43,45,30
2,9,10,16,37,48,40
11,13,17,21,26,35,48
14,17,24,34,40,46,32
1,3,11,14,23,33,8
7,8,16,36,45,46,25
1,30,32,34,41,48,28
5,9,35,39,40,42,26
13,18,26,29,37,48,42
13,14,23,27,37,44,46
2,7,10,19,44,47,39
25,26,28,46,48,49,30
4,12,23,32,43,47,45
5,13,44,45,46,48,6
15,18,20,22,31,41,21
9,21,28,32,38,45,15
16,18,24,28,40,44,3
5,11,18,25,31,47,37
5,19,22,29,46,48,24
7,12,20,31,38,43,34
7,16,22,33,40,49,30
3,10,21,27,34,44,32
11,14,16,24,26,35,10
6,8,9,16,46,47,1
19,33,42,43,48,49,7
8,9,12,13,25,45,47
5,9,17,21,38,47,12
2,7,31,36,48,49,14
2,13,14,44,48,49,42
16,17,27,28,32,46,5
6,7,28,32,44,49,22
14,24,29,30,32,38,3
1,15,29,30,38,46,43
15,26,29,34,40,47,14
4,5,7,37,43,44,13
7,10,11,25,26,42,23
4,17,29,41,43,48,1
18,20,21,24,32,35,19
1,10,11,20,28,34,45
2,8,18,23,24,29,19
2,17,22,33,37,38,21
11,24,32,38,44,47,43
4,7,18,25,33,39,41
2,3,18,21,23,47,14
2,4,13,21,24,26,9
1,16,17,30,35,43,33
5,12,16,39,43,48,34
6,7,11,24,40,47,2
1,5,10,15,26,37,47
1,7,33,37,46,48,45
7,13,14,34,42,46,3
18,19,20,29,32,33,45
3,9,12,13,17,32,37
3,9,30,35,44,49,8
29,35,42,44,47,49,31
3,6,28,32,34,40,8
8,9,13,22,35,49,19
14,17,24,28,38,44,41
2,8,18,22,38,39,5
12,20,21,28,29,49,13
10,17,19,34,45,48,7
8,12,14,32,39,46,2
7,12,16,23,35,37,43
10,21,25,26,31,44,37
11,20,32,34,44,47,39
2,22,29,32,37,44,20
1,6,21,35,39,40,4
6,16,23,33,39,42,43
3,20,25,29,40,42,27
1,4,9,12,24,26,36
1,8,23,33,42,47,5
8,13,22,31,39,44,18
4,5,14,26,34,41,16
5,20,28,32,33,36,49
8,10,12,23,27,31,18
3,17,25,27,33,49,29
3,8,11,15,36,39,17
8,10,22,36,42,45,29
1,11,29,30,38,48,9
3,10,12,14,33,42,31
13,15,20,23,46,49,17
1,24,28,31,33,34,6
5,6,26,30,31,43,9
11,12,13,20,26,28,43
9,13,14,16,35,39,1
1,9,18,23,39,46,27
2,20,24,31,36,42,19
6,12,15,25,32,46,10
4,11,23,24,25,40,20
23,24,38,39,40,49,12
7,12,27,28,30,45,34
12,16,18,19,20,22,40
2,13,16,25,28,30,44
1,16,24,29,30,32,12
11,23,24,32,38,46,20
1,6,19,20,33,45,37
6,9,14,20,23,32,49
3,13,30,35,38,39,23
6,25,27,44,45,49,19
17,19,25,30,36,39,20
13,26,28,29,31,44,24
10,11,15,21,27,43,30
6,7,10,13,16,44,47
10,16,20,24,27,43,6
11,15,17,31,38,46,33
13,15,16,31,48,49,46
12,16,23,32,34,49,5
9,11,26,35,37,46,15
2,8,17,25,30,35,11
7,14,33,36,40,41,47
13,19,23,25,27,37,15
11,19,22,26,43,46,1
1,4,16,17,32,45,20
9,10,11,20,32,35,34
11,15,33,35,38,39,26
4,6,9,41,43,48,16
6,7,31,32,34,44,40
4,9,11,13,45,46,33
9,11,21,35,36,49,16
21,22,29,31,34,43,13
11,19,24,27,42,48,8
3,19,20,37,45,49,15
2,7,26,36,37,38,12
22,23,27,37,38,44,32
1,12,19,25,30,49,31
1,9,24,28,42,48,5
8,21,31,36,40,47,41
3,10,15,18,31,48,27
7,30,37,44,47,48,34
1,7,16,21,22,49,48
13,25,27,29,39,49,10
4,11,14,23,25,40,42
1,19,21,25,28,37,11
10,13,18,20,36,46,34
6,22,26,29,33,37,11
7,22,23,35,41,47,45
3,7,16,25,38,39,14
7,9,17,19,23,38,18
4,8,14,18,38,48,5
13,20,26,36,37,42,12
4,5,11,16,23,31,14
11,12,13,18,26,30,24
2,8,21,27,35,42,13
12,17,25,34,35,48,41
4,14,24,27,35,38,19
3,8,11,37,39,47,43
2,12,17,22,39,45,43
6,13,17,35,45,49,37
5,8,19,21,24,27,3
3,5,9,20,23,25,32
1,3,5,7,46,48,34
12,14,19,28,30,40,1
3,8,30,32,48,49,21
4,8,19,30,44,47,10
7,8,14,19,33,44,36
3,6,21,29,31,42,8
1,21,32,35,36,43,11
8,10,25,34,43,49,35
6,14,19,33,43,44,3
3,8,10,20,36,49,32
4,14,16,21,23,31,5
6,8,12,16,20,43,21
14,18,25,28,29,46,36
1,5,17,24,31,34,49
4,16,17,19,22,38,2
8,9,20,26,29,43,36
1,3,4,19,22,32,9
7,10,23,26,27,31,48
11,13,26,33,36,41,32
9,13,29,32,39,42,37
28,36,37,43,45,49,10
2,8,21,32,33,45,28
11,21,23,27,35,41,15
4,24,33,39,44,47,36
6,14,19,27,35,45,39
3,13,15,27,33,44,48
7,21,23,27,44,46,17
9,12,19,23,44,46,42
2,17,19,20,24,30,36
6,8,9,18,42,48,25
6,13,22,38,40,43,8
2,7,10,13,20,24,28
1,9,24,28,29,34,11
3,4,7,29,34,36,48
5,22,25,35,38,40,17
22,28,34,38,43,49,35
6,9,11,18,26,30,10
1,22,24,32,38,46,37
12,13,24,32,40,44,10
12,14,21,29,38,49,4
6,20,31,32,34,40,39
5,11,15,37,39,46,26
4,7,12,18,21,45,46
9,20,22,25,43,45,27
9,14,16,17,34,42,21
6,12,14,15,25,38,44
17,19,20,30,36,47,28
1,6,17,29,30,35,4
3,14,22,40,43,47,17
10,12,18,20,39,45,28
2,8,10,32,35,40,38
4,8,18,35,38,47,13
4,6,16,32,35,39,43
4,21,26,34,35,43,44
3,11,20,26,36,38,31
9,15,28,35,44,46,10
3,17,22,30,39,42,4
11,17,27,28,32,48,24
6,15,24,29,31,35,4
5,8,10,13,24,44,49
2,7,29,40,41,48,35
2,13,21,42,43,49,34
6,16,27,30,34,43,39
20,25,32,39,41,49,42
13,20,27,28,38,39,44
27,28,43,44,47,48,6
1,7,14,21,30,31,42
3,4,9,12,33,43,23
6,13,32,34,35,36,29
3,18,23,26,45,48,29
1,5,15,25,36,40,10
7,9,16,20,29,40,28
10,19,21,22,23,25,46
7,15,21,34,44,47,14
23,24,27,29,39,49,32
3,5,25,34,38,42,4
8,10,27,32,41,47,35
4,13,20,21,33,49,19
6,22,25,30,40,41,21
3,6,18,21,26,34,47
2,8,9,17,19,26,33
9,14,18,19,21,39,45
1,3,6,34,41,43,24
7,14,23,36,44,49,4
9,19,27,32,37,39,4
2,4,16,27,43,45,26
4,11,22,34,46,48,15
3,8,15,28,31,40,45
12,24,31,35,43,49,26
1,10,11,28,39,47,6
5,6,23,24,31,32,44
8,25,26,28,35,47,37
13,29,34,37,38,47,4
1,6,18,30,32,38,23
11,19,28,31,35,38,25
4,17,23,30,44,45,14
21,23,30,32,39,45,31
1,5,24,36,37,48,35
5,22,25,37,47,49,45
5,8,13,20,28,48,44
1,11,15,20,26,38,27
8,10,15,31,39,46,20
1,3,4,15,22,46,27
4,8,13,19,27,41,6
1,3,4,17,29,31,18
6,7,15,17,42,49,32
15,18,19,29,47,48,16
2,8,11,32,35,39,27
2,6,10,22,25,29,5
10,12,13,23,42,45,32
9,11,17,18,28,38,15
1,9,16,22,35,48,42
6,11,16,28,48,49,21
3,7,11,41,47,48,22
12,20,35,39,40,49,24
8,14,16,25,28,38,41
2,14,16,19,43,47,46
6,9,16,44,45,49,41
2,25,33,41,44,49,29
2,7,9,16,17,35,23
1,6,19,23,28,37,12
9,14,25,30,45,47,8
8,31,36,37,43,44,24
8,24,33,35,40,44,49
6,11,30,44,47,48,28
21,30,36,37,40,48,31
5,16,26,31,41,49,14
7,31,34,35,43,47,40
4,5,8,15,25,26,18
4,9,29,32,34,47,6
4,12,26,33,37,38,48
3,11,13,22,28,40,38
9,26,30,33,38,49,42
8,16,17,25,30,33,6
3,29,34,37,41,47,23
8,9,12,29,33,43,24
9,10,13,31,34,44,37
5,12,27,28,32,36,19
5,13,30,34,39,43,29
8,16,20,25,29,47,14
3,5,8,28,31,49,20
19,27,30,35,37,48,25
2,3,11,17,38,48,39
3,14,17,31,40,44,49
4,18,25,33,41,45,23
1,2,17,27,35,44,30
2,5,14,30,33,39,6
4,25,31,33,43,45,22
1,11,30,38,42,47,10
2,7,11,13,19,20,28
4,11,16,21,23,42,7
19,23,30,31,39,49,26
18,19,25,28,40,42,21
2,11,23,35,37,39,46
8,13,27,28,45,49,26
14,37,43,44,46,49,36
7,13,16,19,24,33,1
3,5,24,27,38,43,41
2,3,6,10,15,35,13
13,22,30,32,43,44,35
2,14,17,29,31,48,16
6,10,15,26,30,34,21
2,9,11,26,32,34,22
21,25,26,29,31,43,44
7,21,24,29,32,37,16
5,10,21,26,32,42,48
16,18,21,26,36,43,9
12,20,24,29,31,35,39
7,9,18,23,43,48,42
6,9,12,36,40,42,30
4,20,23,28,34,47,29
2,16,17,34,43,47,49
2,16,29,33,39,46,7
1,12,16,22,41,45,25
14,18,21,25,35,47,42
22,33,36,37,38,40,7
3,9,15,21,41,46,20
3,7,17,25,30,37,46
5,13,27,30,34,39,3
4,25,33,34,36,37,30
1,11,12,20,22,26,36
6,11,25,33,39,45,19
14,20,25,29,32,35,3
7,14,19,22,27,37,20
2,27,32,36,39,42,26
1,3,4,14,19,32,34
20,22,23,25,26,29,4
5,7,9,14,24,26,16
2,12,13,18,39,40,42
5,17,25,28,32,36,6
13,14,29,33,43,44,30
12,18,22,24,38,44,19
8,15,17,19,22,26,32
4,15,22,29,33,36,11
1,3,24,29,31,44,15
2,4,13,21,28,44,11
21,22,25,27,36,45,44
7,9,17,24,29,34,28
3,12,14,22,23,31,21
3,9,20,22,35,39,28
2,15,28,32,33,43,22
8,18,27,31,35,37,40
1,19,26,28,35,39,11
10,26,27,31,33,43,42
1,5,9,17,22,40,10
2,13,20,27,40,42,1
1,4,11,24,28,29,39
5,22,23,35,37,38,31
17,27,32,36,40,41,3
6,7,11,30,38,44,45
1,10,12,21,22,27,31
3,6,15,25,31,39,22
11,13,20,32,36,44,24
10,22,27,29,37,41,40
9,17,22,34,38,42,37
14,15,25,28,36,45,38
3,20,24,26,30,38,4
17,27,28,37,41,43,4
1,14,15,17,37,45,36
5,9,33,36,38,40,6
4,19,32,33,35,36,39
7,10,16,18,28,36,6
10,13,15,17,32,40,38
10,19,21,30,38,44,45
1,5,10,16,18,44,35
12,23,26,28,30,32,40
3,11,13,20,27,34,41
10,14,18,26,28,42,25
4,7,17,23,37,38,18
6,9,11,21,39,41,13
2,14,24,39,41,44,19
7,9,12,24,33,44,3
10,12,14,19,26,30,4
4,14,18,28,29,45,24
3,11,12,33,38,39,2
10,24,33,34,37,41,17
2,11,17,20,39,43,33
2,3,7,9,12,29,17
1,3,21,24,25,39,6
11,25,30,31,39,45,41
2,4,11,17,25,30,45
8,11,22,30,41,42,16
1,3,22,29,31,32,37
5,23,27,28,30,44,15
1,24,25,29,36,38,37
3,10,14,18,20,33,36
2,4,21,31,34,41,38
3,17,19,25,27,41,37
2,7,13,15,29,33,11
4,8,9,33,38,43,2
13,18,21,30,33,44,36
9,10,13,14,25,41,34
1,10,26,31,33,35,40
7,17,20,29,30,45,41
1,7,15,20,21,30,23
12,18,24,32,38,43,42
4,8,28,29,31,33,24
6,10,12,19,28,29,37
2,8,15,18,20,28,4
3,25,28,30,36,41,29
3,8,9,28,31,39,22
1,5,9,33,39,43,11
5,10,11,15,20,36,33
2,6,11,25,27,36,40
1,3,8,10,12,40,21
2,17,19,20,25,31,40
5,8,10,19,25,33,24
8,16,21,22,34,37,4
3,6,16,30,41,42,22
9,15,26,28,40,41,13
5,9,10,30,37,45,32
2,8,13,25,29,43,4
4,10,19,21,35,37,33
3,6,20,29,35,45,42
14,23,32,33,41,44,45
3,16,27,31,34,39,29
3,9,11,26,38,40,41
9,10,26,37,42,43,38
11,22,26,28,33,43,38
20,25,30,34,39,41,12
6,8,31,32,33,42,12
17,20,34,40,41,42,6
4,13,20,23,33,39,27
1,10,18,23,33,43,27
2,6,26,35,36,43,7
11,18,27,36,38,44,26
4,19,25,30,42,43,28
6,8,16,18,34,43,41
3,12,14,25,28,35,36
3,11,19,23,26,32,42
15,16,17,30,35,43,11
11,12,26,31,37,39,42
2,3,5,14,16,17,8
2,3,8,20,26,40,11
3,4,12,35,38,40,13
2,19,24,29,31,34,33
3,20,28,30,39,42,23
5,8,14,24,39,40,34
3,19,23,24,27,35,5
2,9,16,32,33,35,1
6,8,22,28,30,45,44
2,11,22,26,35,43,15
4,20,21,22,40,41,11
6,13,19,23,28,32,41
9,12,23,29,38,40,26
2,7,18,22,26,37,1
4,11,14,28,37,41,19
21,23,24,27,34,45,20
22,29,30,33,38,42,11
7,11,27,29,44,45,12
1,14,37,42,44,45,11
4,9,12,14,27,39,22
1,6,8,13,26,40,17
3,16,18,28,29,44,30
9,27,31,43,44,45,33
12,15,18,33,35,37,1
8,29,30,34,39,44,7
13,25,32,36,37,44,21
7,8,20,23,30,36,24
10,14,17,34,41,45,23
6,10,12,19,23,40,39
7,15,21,29,30,44,25
10,11,15,30,32,43,18
8,9,12,14,34,45,5
5,24,36,38,44,45,12
9,10,18,30,34,35,3
7,10,14,16,18,38,25
4,6,12,14,19,20,11
11,24,25,26,31,40,18
1,16,23,26,36,41,31
1,14,20,25,27,41,34
18,21,23,30,34,40,33
8,9,20,22,25,38,3
2,22,30,33,35,42,28
1,4,8,14,16,20,2
11,25,30,35,37,40,20
1,6,10,12,30,33,17
7,10,14,24,37,38,15
2,10,11,12,24,32,18
1,10,13,25,27,39,29
1,11,17,36,41,42,29
9,21,26,33,37,39,7
9,14,20,22,31,38,41
1,7,16,20,27,35,19
8,16,24,28,32,34,39
10,15,27,34,36,41,12
1,13,16,19,31,37,39
2,3,13,16,34,35,32
7,8,15,16,18,19,23
4,8,17,31,40,42,41
4,10,12,27,39,42,13
13,24,28,30,32,40,2
6,10,19,21,28,37,5
7,11,14,36,39,41,17
1,3,5,11,28,38,42
7,12,17,19,32,37,6
3,6,8,33,35,40,17
4,10,13,22,25,42,26
3,4,18,20,29,37,24
16,17,20,24,36,41,12
3,8,11,12,14,42,5
1,10,19,26,27,38,5
1,5,6,30,34,42,38
10,17,22,26,29,42,2
3,6,10,15,17,20,1
23,24,26,29,30,36,21
12,20,21,28,31,37,4
1,10,18,35,40,41,21
2,24,27,29,33,41,40
2,3,9,26,32,38,36
8,16,19,28,30,39,27
14,23,28,29,36,39,35
3,8,10,29,31,34,14
3,13,15,35,36,37,31
13,23,24,31,34,42,15
9,14,17,19,21,25,5
3,12,14,34,35,37,39
1,5,8,17,22,33,21
1,7,10,19,25,42,23
1,5,19,25,28,29,2
4,6,16,18,30,32,31
1,18,21,25,30,34,7
8,10,13,14,21,38,3
3,5,9,11,36,38,37
21,27,30,34,35,39,12
2,6,7,27,32,37,20
10,17,19,20,23,40,21
8,20,26,35,38,40,39
8,16,21,27,29,30,23
6,11,14,24,33,36,18
6,8,9,15,38,40,20
6,10,19,34,35,40,28
5,17,26,30,33,41,14
8,10,17,32,33,41,37
11,16,19,24,29,30,4
20,24,26,27,33,35,40
1,5,14,19,36,41,28
3,7,8,13,16,34,2
2,5,11,24,25,35,19
1,4,19,21,29,42,35
22,23,28,37,39,40,6
6,7,9,11,15,27,26
6,12,13,16,34,40,36
6,9,14,15,37,39,12
11,17,20,21,32,37,10
6,7,13,24,30,40,28
3,7,14,20,24,39,16
10,16,22,27,34,41,3
3,20,21,26,35,38,7
5,10,33,36,41,42,25
3,11,13,25,30,33,17
22,23,30,34,35,38,36
7,14,22,25,26,42,30
8,11,25,28,30,40,17
6,16,18,20,23,24,40
11,17,23,24,27,38,21
4,5,26,29,32,33,27
2,3,4,8,36,42,12
5,8,12,19,40,42,41
1,7,9,21,31,42,10
2,11,16,32,37,39,23
4,14,17,31,34,40,41
5,7,8,12,15,19,33
1,10,20,22,40,42,41
6,7,11,31,35,41,15
5,6,13,15,19,41,17
7,10,20,21,29,30,31
2,6,7,15,16,36,29
3,4,12,32,38,39,36
9,13,16,28,33,39,38
2,10,25,29,36,38,12
3,7,14,25,31,42,39
2,14,19,24,31,33,4
6,9,14,17,20,32,15
7,8,10,19,26,33,28
1,4,8,21,22,32,37
31,33,35,36,41,42,29
2,19,25,31,32,34,37
4,19,24,25,27,33,41
5,6,10,11,23,37,21
1,8,9,11,20,28,4
17,19,30,31,33,39,22
4,7,13,14,17,39,38
2,3,7,11,15,16,9
1,5,6,10,16,27,28
3,15,16,17,25,39,28
9,14,16,24,26,38,32
4,18,27,29,36,37,6
1,5,8,16,18,37,11
5,6,9,18,19,40,36
3,4,7,19,34,41,13
20,30,36,40,41,42,12
6,15,30,32,37,40,25
21,26,33,34,38,39,32
3,19,22,25,27,36,16
14,22,23,24,25,29,26
2,3,16,22,30,40,41
26,29,32,35,38,41,42
8,10,23,31,41,42,32
10,13,27,29,39,42,31
5,15,19,25,33,37,32
8,13,19,28,32,42,22
15,24,32,33,34,38,12
2,12,21,33,36,39,16
4,9,11,16,17,21,3
1,3,17,37,41,42,22
4,9,13,23,28,34,20
1,9,19,23,37,41,30
2,15,27,29,35,39,22
2,5,16,22,26,30,1
2,10,21,25,26,40,15
5,6,9,11,13,34,36
2,18,19,29,31,34,28
15,17,20,23,30,35,3
3,16,17,26,29,40,31
3,6,8,26,32,38,27
3,8,18,26,29,39,28
7,18,22,38,39,42,20
9,10,23,30,33,41,18
1,10,18,20,28,40,37
5,21,23,34,40,42,22
6,11,12,22,35,41,39
2,9,28,29,33,40,41
12,25,27,31,35,40,22
6,8,14,28,29,32,10
1,6,12,17,18,27,30
6,16,20,22,34,38,3
3,14,19,20,22,36,16
6,8,9,15,25,35,13
4,10,11,18,27,31,2
5,16,20,22,36,38,27
13,18,29,38,40,42,12
1,3,6,10,13,26,24
2,12,14,22,36,41,28
1,14,21,28,32,33,40
10,16,19,23,30,38,25
2,4,7,8,32,36,41
3,4,24,25,38,41,20
3,7,18,32,34,39,5
6,7,16,21,28,29,25
19,25,28,35,36,38,18
10,17,23,24,32,39,6
1,7,15,20,21,23,38
3,7,12,17,22,38,5
7,9,13,15,32,38,11
29,30,33,34,40,41,14
8,18,20,23,24,33,11
2,5,8,15,21,41,22
6,12,19,27,32,36,39
1,3,8,28,31,36,24
14,15,20,27,33,42,4
5,10,12,16,24,30,8
4,10,22,34,37,40,16
12,14,18,21,29,41,7
4,8,20,23,28,30,5
11,16,23,27,30,42,26
5,8,13,17,22,35,34
5,7,24,29,31,33,6
1,4,8,24,31,37,40
1,11,12,19,22,26,10
2,11,19,26,36,42,13
3,9,18,20,23,31,22
3,8,10,24,27,34,36
1,25,28,30,35,36,18
5,8,18,19,21,32,17
4,8,14,24,27,31,1
3,4,11,23,26,36,22
3,4,5,7,23,29,21
2,6,13,14,26,37,27
2,3,6,12,15,37,14
14,16,17,21,31,40,11
13,31,32,33,36,40,2
2,8,15,17,35,37,13
9,13,17,18,25,36,12
13,14,22,23,36,42,35
6,8,12,16,17,40,30
13,18,20,22,38,41,30
12,14,19,30,31,36,11
14,15,23,27,28,34,37
7,11,15,17,24,30,20
3,7,9,25,33,40,12
6,12,20,22,34,40,27
7,21,23,25,26,29,27
25,29,31,37,39,41,24
12,14,23,24,31,38,41
10,12,32,34,38,40,8
1,17,22,23,31,36,12
11,17,20,27,29,32,18
8,13,24,28,31,38,10
6,17,18,23,27,29,42
2,5,10,19,20,34,12
9,18,20,23,31,33,6
3,6,11,14,16,34,23
12,19,21,23,30,42,17
9,15,17,28,32,42,35
2,17,23,29,32,35,21
3,14,15,21,31,36,25
2,3,6,14,38,40,16
6,14,18,22,26,32,10
4,9,14,15,18,22,29
2,3,9,10,25,31,22
2,5,20,23,25,28,17
5,10,18,22,37,38,25
4,11,25,28,30,37,14
4,6,7,12,13,32,11
3,8,9,13,18,33,28
21,27,31,32,38,39,36
2,6,10,22,35,37,29
1,17,19,29,30,39,9
2,18,20,22,24,28,29
18,22,26,32,36,40,11
1,6,9,10,23,29,2
4,6,19,21,30,32,11
2,16,20,27,33,36,1
1,2,6,17,23,32,36
9,18,22,25,29,35,5
6,10,23,27,28,39,18
5,12,23,24,29,32,26
11,13,15,17,31,38,2
12,13,18,21,26,31,16
1,2,17,26,31,36,28
3,8,12,19,35,37,32
5,6,12,15,20,22,27
1,3,8,15,16,37,17
13,18,23,25,35,39,22
6,7,11,27,36,38,18
2,7,28,32,33,37,4
5,7,13,20,24,32,15
8,29,31,32,38,40,30
10,15,21,31,32,40,18
5,12,13,31,32,33,27
4,10,16,24,30,32,19
2,9,20,27,39,40,28
5,8,10,12,21,25,29
19,27,34,38,39,40,25
8,11,14,17,27,38,31
1,25,26,28,37,40,15
5,7,13,17,32,35,11
3,9,11,18,28,32,4
5,8,22,31,34,35,33
2,4,14,18,21,40,26
7,12,27,30,37,38,1
7,11,20,25,26,32,37
3,14,17,23,27,37,8
2,4,23,29,33,39,5
5,7,10,23,26,34,20
5,6,12,21,22,38,1
2,8,19,29,36,39,31
2,12,13,15,20,28,31
3,11,15,25,31,34,26
8,10,24,25,26,30,32
4,8,18,20,28,39,24
7,19,21,31,39,40,11
1,7,8,19,21,25,32
1,5,7,14,15,34,20
1,13,18,22,24,35,8
13,16,19,29,31,37,14
6,18,31,36,37,39,34
8,9,10,17,35,40,26
4,10,24,25,30,37,3
6,10,15,20,22,27,5
15,22,31,33,35,40,4
4,9,20,25,27,29,39
7,13,16,19,38,40,21
4,6,9,20,22,33,31
3,7,12,30,37,40,25
1,11,20,32,36,40,25
4,10,19,23,31,38,5
6,11,27,33,34,38,2
14,16,18,21,26,34,4
3,14,24,31,36,39,19
6,8,11,12,16,30,1
1,3,7,13,29,39,4
6,16,19,21,31,37,22
3,5,7,14,28,38,40
1,6,9,19,24,34,33
2,5,9,19,30,40,33
2,3,14,18,27,35,17
5,10,22,26,30,38,4
15,16,17,21,26,29,5
5,8,20,22,26,28,9
9,15,16,17,19,38,28
1,8,11,18,19,34,22
3,13,21,23,24,40,11
7,11,12,14,26,37,18
2,13,17,21,22,23,33
8,22,32,33,36,38,14
1,6,10,13,32,39,33
6,7,15,19,20,27,21
1,16,22,25,31,37,3
2,13,20,23,34,37,16
7,9,29,31,32,39,21
1,11,15,18,30,33,32
9,14,26,28,34,36,30
5,6,14,20,23,30,40
2,4,5,14,26,40,39
5,7,9,11,12,22,20
3,7,17,23,30,33,12
6,7,13,32,33,37,21
10,19,23,29,36,40,2
3,15,20,24,33,35,31
6,15,17,22,25,40,32
10,20,23,26,31,36,16
8,16,18,26,32,34,13
8,12,15,17,30,39,23
5,10,33,36,38,40,26
13,16,17,18,34,37,35
3,12,16,18,26,33,27
7,15,16,22,32,34,5
2,22,25,29,35,40,9
5,11,18,20,25,26,32
19,27,36,37,38,40,33
13,16,17,20,35,39,21
3,4,12,15,27,40,22
11,15,28,29,30,36,34
2,8,15,28,30,33,4
7,8,25,30,33,34,2
2,6,8,31,34,40,32
2,3,5,22,36,39,33
6,7,14,22,35,38,25
4,10,14,19,25,38,37
11,16,18,20,24,32,8
4,17,20,21,28,34,37
2,4,10,18,34,39,11
8,9,11,16,19,39,37
2,8,10,12,28,40,3
1,11,19,27,36,40,30
15,16,17,19,22,35,27
1,18,20,22,36,39,38
6,12,16,22,31,39,38
5,27,36,37,39,40,23
1,4,11,18,21,35,9
9,10,14,28,31,38,22
8,12,15,16,22,35,3
8,9,14,24,29,38,17
3,12,19,24,31,37,38
5,7,8,17,21,28,29
10,12,20,31,35,38,16
8,9,10,11,15,29,37
18,22,26,30,32,39,8
1,5,6,13,17,21,33
1,4,10,24,27,35,17
3,8,21,23,30,35,10
4,7,18,26,28,32,24
1,6,9,12,25,36,19
1,2,7,18,22,36,30
1,4,5,15,24,35,36
11,13,19,25,36,40,7
4,10,16,17,34,36,25
2,8,11,16,23,40,30
6,7,12,31,32,36,10
7,14,16,19,28,34,36
8,21,23,26,35,37,1
17,20,23,29,30,36,4
1,10,17,18,28,30,20
10,12,17,23,28,40,24
10,15,18,21,23,28,35
1,20,22,23,26,28,34
6,12,19,21,33,39,10
6,12,13,31,34,33,14
1,9,23,33,37,38,39
1,2,5,22,36,40,24
3,17,22,32,34,36,30
7,14,15,20,21,32,39
8,12,23,27,31,34,38
2,11,16,17,23,29,31
2,17,19,33,36,40,29
4,6,7,29,35,40,19
5,11,12,23,32,33,25
4,9,12,19,23,39,18
12,14,15,32,34,38,24
16,21,25,35,38,40,3
7,10,19,22,35,37,34
12,14,16,20,21,25,19
13,14,22,23,25,34,3
1,7,22,25,37,39,14
6,8,10,23,26,28,18
6,14,18,25,35,38,19
5,10,18,21,24,40,16
8,9,10,14,31,32,17
25,26,27,34,36,39,28
10,11,13,19,30,39,28
5,10,19,21,30,37,39
12,15,25,28,32,33,38
1,10,15,17,38,40,2
2,11,13,20,33,34,6
2,4,9,10,12,28,20
8,13,20,29,30,35,24
2,19,24,25,32,33,26
2,7,17,20,22,33,31
10,15,17,18,26,40,34
24,26,34,37,38,40,30
2,6,26,30,38,40,16
4,19,23,34,35,39,12
10,12,15,18,24,30,17
4,17,23,27,28,32,2
13,16,19,24,27,40,25
1,4,12,28,30,34,10
8,16,24,26,34,39,37
1,6,11,26,30,36,33
1,22,28,30,34,36,2
1,7,17,22,29,37,15
16,23,28,34,35,38,9
3,10,16,18,22,38,33
13,14,15,16,32,37,34
19,20,26,29,35,40,4
6,7,8,22,26,33,34
1,5,20,30,32,37,23
3,4,9,14,24,25,30
2,6,23,28,32,40,18
3,9,12,14,28,37,30
3,16,20,26,29,35,4
8,10,16,27,37,39,25
7,13,17,20,29,31,36
3,10,16,25,27,32,23
8,10,12,14,28,39,27
1,6,10,29,38,40,19
3,10,17,18,30,38,25
5,15,17,21,31,36,6
5,7,13,14,26,35,22
6,9,15,18,23,39,26
15,17,18,27,33,34,32
5,19,20,28,30,37,13
1,19,23,25,33,38,24
2,33,34,35,37,40,17
2,7,11,12,28,38,36
4,7,12,15,27,29,21
4,7,19,28,31,32,18
4,7,19,28,31,32,18
5,6,10,27,28,32,7
2,6,7,8,11,24,27
8,11,12,27,29,34,22
16,20,23,24,27,39,30
6,7,8,14,23,37,32
2,5,15,20,23,27,25
14,19,21,24,28,37,20
6,7,11,16,17,20,3
5,17,22,24,28,32,20
7,16,21,22,23,25,20
8,15,27,30,31,34,11
14,15,23,25,31,34,38
10,19,20,24,32,36,16
8,9,17,24,29,36,20
2,3,4,18,28,35,27
4,14,16,19,22,32,37
3,4,6,10,19,25,23
5,7,9,14,28,35,26
1,23,27,32,33,34,16
7,17,18,20,21,32,36
17,24,31,32,34,38,39
2,11,20,27,28,30,26
5,15,24,29,31,38,33
1,2,3,14,20,22,24
8,13,14,16,21,38,35
10,13,16,17,30,33,32
9,10,15,16,20,26,13
6,9,14,19,32,39,29
9,11,17,34,37,38,12
6,12,15,24,26,33,7
3,5,9,17,31,33,18
6,14,15,19,23,35,2
13,17,27,29,31,33,21
1,2,13,18,28,30,17
9,13,14,17,20,34,1
1,6,13,27,36,39,32
2,19,23,28,31,36,20
3,12,18,33,35,38,11
2,7,9,10,15,26,39
20,25,30,31,33,39,21
1,13,20,29,30,37,6
2,3,8,19,24,25,33
5,11,12,22,35,36,30
1,2,14,17,24,29,33
4,8,9,22,36,37,10
2,7,9,10,33,37,28
8,9,17,24,31,32,37
1,13,21,25,34,38,15
7,8,14,25,31,34,15
1,11,18,26,34,39,37
2,7,8,26,30,37,12
5,6,9,10,11,20,15
12,28,31,33,35,38,9
9,17,21,26,29,34,2
3,16,22,25,28,39,5
1,2,9,13,19,32,4
5,12,14,26,29,35,4
4,7,13,25,27,29,5
1,10,13,27,28,32,12
1,5,6,7,25,30,9
8,16,18,21,30,34,36
3,13,25,32,34,36,38
7,19,20,27,35,38,5
5,21,25,28,31,36,33
4,5,10,32,35,39,22
10,16,20,31,33,35,7
1,2,16,19,34,39,7
4,13,19,27,28,37,38
7,13,14,30,31,34,20
3,5,14,17,24,38,32
3,6,20,27,36,39,32
8,13,19,22,23,29,28
3,6,9,10,26,27,18
10,16,25,26,28,36,39
8,12,25,27,29,30,17
5,6,11,13,24,34,2
2,10,13,20,24,34,26
11,16,23,25,27,29,32
1,3,6,10,12,24,23
1,3,6,8,34,36,20
1,12,20,23,25,38,35
2,9,15,35,38,39,30
4,26,27,28,29,32,10
6,13,25,34,37,39,1
4,6,18,21,35,38,1
3,8,12,15,32,39,23
17,21,23,26,30,32,25
11,17,18,20,34,37,32
7,19,22,32,36,38,29
1,8,17,20,26,29,15
7,8,9,17,20,21,15
9,10,13,18,23,28,27
1,17,21,24,33,39,5
1,25,26,28,38,39,3
2,12,25,27,29,32,15
14,25,26,33,35,37,27
7,22,24,33,36,39,38
1,4,9,19,24,31,28
7,13,24,31,34,39,1
2,16,17,35,36,37,19
1,18,19,25,33,36,8
22,32,33,35,37,38,30
12,13,16,22,37,39,31
3,17,20,25,30,36,8
3,16,19,24,34,35,37
2,5,6,7,14,31,1
4,16,20,26,27,31,35
1,8,11,30,35,39,18
6,10,11,17,29,37,23
2,25,28,32,33,35,8
9,14,18,28,29,38,7
19,20,23,31,35,36,39
2,4,8,14,23,29,33
4,5,10,17,18,20,1
3,7,11,12,27,36,10
3,9,10,26,27,39,28
1,4,13,25,27,34,19
6,14,25,26,35,37,8
7,22,23,32,36,38,10
8,13,21,22,36,38,12
4,5,11,16,23,25,6
2,9,12,18,23,29,28
9,16,21,24,27,34,38
5,6,20,25,29,34,26
2,11,18,22,29,39,24
12,16,21,22,33,35,6
5,11,19,28,29,31,35
1,2,5,15,26,28,38
5,21,25,31,36,38,26
2,8,11,17,27,34,31
6,11,22,30,31,38,8
6,16,18,22,30,35,12
3,8,10,11,23,32,5
4,20,21,24,25,27,17
8,25,28,29,34,38,30
1,9,15,29,36,37,20
4,5,10,15,21,28,29
7,8,10,13,18,29,37
13,16,17,20,24,33,6
2,15,16,19,37,38,8
17,21,24,26,38,39,29
2,9,12,18,28,34,16
4,7,18,21,28,37,30
3,10,22,26,28,31,15
3,4,15,21,23,31,10
4,5,17,19,22,23,11
12,13,14,18,24,34,33
2,9,19,21,24,28,1
2,17,20,22,26,30,33
1,12,13,18,21,30,20
3,5,7,10,21,37,31
1,7,9,21,23,37,14
2,8,15,20,25,36,33
18,19,23,25,26,34,35
4,13,16,26,29,37,22
1,4,11,14,26,27,13
6,7,11,27,30,33,25
5,12,23,32,37,39,33
4,11,19,21,22,25,18
2,11,14,19,28,32,27
8,10,17,29,37,39,5
14,18,29,30,32,38,10
2,3,4,18,27,37,39
5,6,12,19,36,39,1
8,12,20,23,26,38,39
1,8,13,22,26,35,6
2,11,14,28,31,39,19
7,11,16,21,34,37,2
2,3,4,13,14,39,27
17,20,22,29,32,34,28
1,5,26,31,35,37,15
2,14,22,28,29,36,39
3,13,16,21,28,38,22
1,5,27,36,37,39,11
1,9,12,15,23,35,2
5,15,17,18,35,38,13
3,10,11,14,18,33,13
2,3,16,26,31,36,27
1,3,20,22,23,32,16
4,5,11,22,34,36,28
6,18,19,24,30,38,10
11,16,17,18,19,35,21
2,10,14,19,38,39,6
2,6,11,19,27,38,29
3,11,14,18,25,36,22
7,13,18,27,37,38,15
4,20,21,23,28,30,14
3,23,26,27,28,32,20
4,7,9,11,19,36,6
1,11,15,16,23,32,28
1,5,7,13,14,31,27
3,11,12,16,18,37,10
10,17,21,22,25,38,30
8,15,17,23,32,37,13
7,12,15,24,28,32,33
6,15,17,28,29,37,38
2,3,4,14,17,26,16
11,12,25,26,27,32,22
2,8,24,26,28,39,30
4,9,22,27,28,34,6
9,12,14,18,32,39,37
15,16,21,23,25,39,8
16,19,20,25,34,36,15
13,20,22,28,32,35,8
6,8,22,24,27,37,34
1,6,14,15,25,37,32
16,23,26,31,36,37,7
10,11,12,32,38,39,4
2,3,10,13,34,35,26
1,8,14,16,27,30,10
6,16,23,25,33,39,20
6,14,18,19,28,34,32
6,9,14,18,28,32,15
14,20,26,31,33,35,10
5,13,24,29,32,39,30
8,15,17,18,29,37,7
4,22,26,27,29,32,14
4,7,12,19,28,36,15
6,15,22,23,25,37,18
17,25,27,34,37,39,18
14,19,25,33,34,39,15
4,12,16,17,19,29,35
17,18,29,30,36,39,25
1,6,10,19,25,26,4
8,12,14,16,19,29,15
4,7,8,13,17,18,11
3,9,10,11,18,30,25
4,13,15,24,31,35,26
20,30,33,37,38,39,1
10,15,19,20,21,35,26
2,11,19,28,29,39,10
1,2,9,22,23,37,5
3,4,14,20,23,33,7
10,16,27,32,35,37,9
6,11,17,31,34,39,18
1,7,8,29,31,35,15
15,17,23,28,33,36,30
1,5,6,20,27,28,36
7,9,15,17,22,37,21
4,5,9,15,26,33,3
6,24,25,27,29,37,1
1,2,6,10,23,27,33
2,8,18,21,27,28,29
11,13,17,25,34,38,30
18,20,25,26,33,39,8
6,9,26,28,32,37,11
3,9,14,21,30,33,2
1,9,22,23,27,33,7
6,7,13,32,37,39,4
2,8,22,24,32,38,19
4,14,18,27,29,33,35
3,4,6,9,12,19,13
2,6,14,15,24,26,20
9,16,17,24,30,38,8
2,8,15,17,25,26,24
4,11,21,25,28,31,13
5,16,19,25,31,36,4
1,2,21,32,36,38,30
16,21,28,32,33,36,10
2,3,11,19,32,37,9
1,3,5,10,11,31,24
3,5,13,14,28,39,22
3,8,11,14,37,38,30
6,7,12,14,20,34,19
20,21,23,24,28,30,19
3,7,14,20,23,27,1
1,7,12,17,18,19,32
1,3,10,29,30,33,12
1,4,5,6,10,16,21
7,8,13,23,30,34,2
10,11,15,25,29,30,32
2,5,6,8,14,30,28
1,8,21,24,35,36,19
6,8,9,16,18,36,19
2,9,12,22,25,26,28
1,18,21,22,26,37,36
2,5,20,31,33,37,23
4,10,14,21,24,35,38
11,15,16,20,22,27,2
7,23,24,27,30,34,26
14,17,18,19,30,36,5
12,15,21,27,28,35,36
12,15,18,32,33,38,8
7,11,18,30,32,38,17
3,9,21,22,28,37,7
3,6,7,8,26,29,19
2,11,19,29,35,39,25
1,4,26,29,35,38,9
2,9,13,20,25,36,32
9,17,25,27,30,31,20
1,7,18,23,26,31,4
5,16,17,23,32,38,7
1,22,32,35,36,38,12
1,5,11,17,23,39,9
13,16,19,26,27,37,32
4,8,12,19,38,39,26
2,4,17,18,27,35,15
2,3,14,17,20,22,33
3,4,6,8,11,19,22
10,11,13,16,19,22,26
4,8,15,24,29,30,7
7,8,13,17,24,28,10
9,15,19,20,23,28,14
2,11,28,32,33,38,34
11,16,28,29,31,35,3
6,7,22,23,26,32,13
1,3,6,15,29,39,38
5,7,19,26,32,33,6
1,8,16,21,27,29,38
9,12,18,19,24,27,38
5,23,31,33,37,38,3
1,13,16,19,26,31,9
3,6,8,17,33,34,26
1,6,9,12,19,33,22
19,22,28,29,33,38,13
9,10,15,18,33,39,38
22,23,24,28,33,36,18
4,8,12,16,18,25,24
2,6,18,21,30,38,19
11,23,26,27,28,31,24
10,15,17,19,20,26,8
6,11,13,17,24,31,38
7,9,24,31,34,35,8
3,14,24,26,36,39,35
12,22,24,25,33,37,34
8,18,25,29,32,35,2
6,11,14,22,23,32,24
5,13,30,33,34,36,3
2,9,12,14,19,34,28
1,6,11,22,36,39,28
3,4,21,30,35,39,20
3,5,7,24,36,37,10
4,13,19,33,36,37,34
7,13,22,23,30,39,18
2,10,15,19,27,38,35
5,9,15,19,29,37,39
2,4,22,33,34,36,24
5,6,26,27,30,32,2
3,6,22,23,32,37,8
3,23,29,31,33,39,27
17,26,32,34,35,38,29
2,8,20,23,29,31,21
2,6,26,27,36,37,10
4,5,29,30,38,39,20
16,26,31,33,35,36,19
17,22,27,33,34,35,2
7,12,21,22,27,32,35
1,2,6,11,14,31,39
1,2,3,17,18,37,25
2,14,20,29,31,36,11
7,12,15,22,28,33,6
10,14,17,28,36,38,20
7,16,20,22,34,35,4
1,16,17,31,34,38,36
3,6,7,10,11,34,33
3,5,19,29,32,34,30
2,5,13,16,18,27,21
12,14,16,30,31,33,18
9,14,21,23,29,37,30
2,8,13,15,35,36,14
7,14,20,24,31,34,32
3,5,18,23,30,36,1
13,21,23,24,30,34,8
7,15,25,27,33,36,24
5,10,30,31,32,36,23
4,18,23,25,27,32,24
1,4,9,13,16,21,35
2,3,9,15,23,38,24
2,5,24,27,30,39,9
4,10,14,23,25,35,16
8,10,14,18,19,26,25
1,2,16,23,24,25,20
4,5,14,16,24,30,15
15,18,19,26,28,29,5
4,6,19,22,25,39,21
9,19,21,32,34,36,2
8,12,18,19,20,30,23
1,4,7,9,15,38,8
4,10,11,33,37,38,28
3,8,9,12,33,38,39
7,11,18,26,30,34,2
15,26,27,29,30,34,33
16,19,24,25,34,39,7
8,11,22,32,36,38,26
1,4,11,33,35,36,7
12,19,23,30,34,35,20
1,11,27,32,33,35,36
10,13,15,20,27,38,9
8,9,10,13,20,27,32
9,20,23,24,25,30,34
2,5,11,32,36,37,22
6,7,12,20,24,35,10
5,12,19,24,30,37,34
5,15,18,29,33,39,22
8,9,12,14,15,38,3
4,8,25,33,36,39,13
12,16,22,24,32,35,4
2,9,13,26,28,32,38
1,2,7,19,22,26,34
2,12,15,16,21,35,10
7,11,12,21,23,31,3
3,6,24,27,36,38,34
1,17,23,28,29,30,24
14,17,19,20,24,27,8
6,12,24,25,28,36,1
11,12,13,18,35,37,21
4,16,20,31,32,33,1
4,7,14,16,19,39,12
6,12,19,27,33,36,16
2,4,5,10,37,39,26
17,24,29,37,38,39,26
5,15,19,30,32,37,6
18,23,30,33,34,35,19
5,12,15,27,36,37,13
10,17,18,24,34,35,6
3,13,19,33,37,38,6
4,6,23,24,32,36,9
10,11,21,27,31,36,7
8,11,20,21,28,35,29
1,6,13,21,32,36,34
9,11,13,21,34,35,10
6,13,14,17,21,29,11
1,2,14,19,22,29,33
8,13,17,24,26,36,1
6,7,8,11,19,26,23
6,9,16,25,35,37,39
3,7,12,18,24,30,22
11,12,19,20,23,26,21
10,12,17,29,31,37,26
4,6,11,18,21,23,30
4,10,11,13,17,35,20
1,4,8,20,24,27,34
6,7,8,9,31,35,15
4,6,13,22,32,35,29
2,7,10,16,26,29,8
1,6,17,20,21,27,16
4,5,6,26,33,39,29
4,21,22,26,27,39,19
3,4,16,18,33,36,30
2,14,15,21,26,34,29
5,7,10,11,35,36,20
4,5,11,17,19,31,22
2,3,6,16,20,27,25
2,8,12,19,24,38,17
21,28,30,35,37,38,3
12,15,25,26,33,38,14
2,3,7,11,22,38,21
13,24,27,28,32,35,1
5,6,14,18,31,32,25
3,4,15,29,31,33,35
7,25,29,34,35,37,22
6,7,15,16,25,35,19
2,7,9,15,18,34,20
2,11,13,26,33,39,7
2,15,19,22,27,33,16
11,14,18,22,24,26,38
6,18,21,33,38,39,12
6,18,30,31,34,38,39
17,20,25,33,37,39,15
4,14,19,28,29,30,20
6,15,26,34,36,38,11
4,6,14,17,21,34,22
11,17,19,30,32,34,23
2,15,18,20,26,30,38
1,2,3,13,26,30,28
13,22,30,31,32,36,9
6,13,18,21,22,36,34
2,12,16,21,32,36,33
9,11,15,16,27,39,3
4,11,12,13,36,37,2
7,9,15,26,32,36,28
2,6,18,21,35,38,3
1,3,16,35,38,39,10
3,12,15,16,22,29,13
2,5,24,27,33,36,18
3,13,20,21,22,28,7
8,9,19,20,25,38,31
8,9,18,32,34,35,26
10,15,20,27,28,35,38
12,16,21,23,28,39,22
1,17,20,22,25,31,19
16,19,21,22,28,37,15
1,2,4,6,34,36,7
4,21,27,30,37,39,26
5,25,26,27,35,37,31
10,20,21,25,30,35,5
8,16,27,31,38,39,13
8,20,23,24,31,38,21
2,6,12,14,16,24,5
4,7,14,17,31,36,33
7,22,25,26,29,38,34
5,6,13,16,17,24,10
2,12,14,16,24,39,32
2,21,32,33,34,36,37
9,11,19,23,37,38,16
7,14,20,29,30,31,11
16,28,29,33,36,38,31
2,8,21,24,26,28,7
3,8,22,23,30,39,13
2,9,12,13,33,36,5
8,12,15,24,26,34,4
3,11,13,17,23,27,34
8,10,12,18,24,33,7
3,4,12,13,18,34,10
9,12,16,22,24,39,11
2,7,9,16,20,36,38
6,17,18,19,22,25,34
9,23,31,32,38,39,8
5,11,17,24,34,35,18
2,3,9,17,34,38,37
1,4,29,32,33,37,2
4,11,19,21,24,31,1
4,11,12,15,22,37,33
14,20,21,23,24,37,10
6,12,13,20,30,38,33
7,11,13,18,32,33,38
6,7,24,32,33,36,19
6,18,21,24,28,36,6
22,23,28,29,32,34,1
2,16,23,32,34,36,8
14,15,16,20,26,39,12
16,18,21,24,25,34,13
4,5,16,26,32,34,19
4,5,12,19,20,33,24
6,19,24,25,28,38,31
2,12,14,17,19,35,21
1,13,28,31,37,38,16
11,21,25,31,32,39,20
1,4,22,26,31,37,29
10,13,14,23,35,38,7
11,13,16,21,24,30,25
8,9,16,23,30,35,5
11,18,20,25,38,39,2
14,19,22,25,27,31,6
5,8,11,14,33,34,25
1,3,5,9,17,24,27
1,12,24,25,27,36,11
1,22,24,30,34,37,16
1,7,10,13,22,39,27
7,21,22,31,34,36,12
2,6,22,29,32,37,11
10,12,19,29,32,36,38
4,15,19,21,38,39,8
1,3,10,19,20,28,25
3,7,14,19,23,28,13
10,16,19,22,23,34,28
8,11,20,30,34,37,18
1,2,7,19,27,29,20
4,7,10,12,26,39,25
9,10,16,21,22,26,20
1,13,21,31,37,38,11
19,26,30,32,34,38,5
3,6,16,24,28,33,29
7,9,12,22,25,32,33
3,4,6,29,30,32,13
6,13,15,29,35,36,3
1,7,10,27,30,33,5
4,5,6,19,26,38,23
2,4,17,33,36,39,6
3,6,11,14,27,37,29
6,19,22,25,27,37,33
1,8,10,16,17,22,7
5,6,19,21,29,31,26
3,17,21,24,27,32,7
9,11,19,22,23,36,35
3,12,17,20,22,31,21
3,10,14,22,27,30,23
1,7,16,35,36,37,22
12,15,16,27,28,33,38
13,24,30,31,34,37,2
3,6,15,28,29,33,17
8,9,22,23,27,37,33
1,2,6,9,12,22,21
5,14,20,37,38,39,28
24,28,31,32,34,37,17
1,5,10,18,26,39,23
2,8,11,20,31,37,3
8,25,27,28,35,38,21
3,6,9,19,21,30,12
1,14,15,28,31,35,19
5,10,19,27,30,33,18
1,4,6,18,23,34,2
14,18,22,23,26,33,30
8,15,16,17,18,27,34
3,5,12,13,23,28,14
9,25,31,34,35,38,30
10,15,20,23,28,38,29
2,6,8,13,28,35,39
8,20,22,25,31,39,38
2,7,11,21,26,37,9
6,9,10,14,37,39,3
6,10,17,24,32,35,34
5,6,7,19,25,30,18
4,17,18,22,30,37,21
3,7,8,14,26,35,18
1,2,31,34,36,39,32
4,5,8,16,19,26,31
3,5,8,9,18,29,26
4,16,26,31,34,39,25
4,8,24,37,38,39,11
4,8,11,13,29,37,20
1,5,11,12,24,35,21
2,6,8,15,23,34,28
1,5,7,9,17,36,34
3,11,12,19,34,38,24
2,12,15,16,20,37,5
8,13,22,25,31,37,14
2,4,5,7,29,37,18
2,7,14,23,29,35,11
6,10,11,15,19,35,28
5,14,16,19,29,30,8
6,7,12,22,29,39,35
12,13,26,29,34,36,21
6,8,18,34,36,37,16
5,10,24,27,30,32,20
3,7,15,20,21,25,39
8,9,17,21,35,38,10
16,18,19,24,33,38,28
7,9,15,23,25,31,14
4,10,17,25,33,37,30
9,16,24,26,31,33,32
10,13,27,31,35,39,18
2,15,17,20,30,37,28
12,13,17,24,26,30,15
9,14,21,24,31,38,16
9,19,20,21,29,34,14
9,12,22,23,28,33,32
7,8,12,15,29,36,4
4,5,14,17,24,34,28
3,17,20,21,31,37,8
9,15,22,31,34,35,14
1,18,22,30,33,38,6
8,10,11,14,22,24,17
4,11,16,21,23,36,33
1,8,27,28,32,33,18
3,6,10,19,20,21,13
11,21,25,26,27,34,3
4,6,16,17,35,39,12
13,14,16,21,33,38,39
3,14,18,22,23,28,15
15,16,22,23,34,38,26
1,15,17,21,29,37,6
2,8,15,17,29,35,31
6,22,23,30,33,39,29
2,9,11,24,28,38,39
6,8,10,14,16,17,4
2,12,15,19,22,35,24
3,5,17,18,24,25,19
3,4,6,16,24,32,21
2,4,8,21,25,36,34
3,15,19,25,31,36,14
13,14,19,20,33,35,8
6,15,18,31,33,37,14
3,7,9,24,32,34,8
1,2,16,20,21,31,38
14,21,22,34,38,39,25
16,21,22,29,31,39,33
3,11,18,23,24,38,6
13,14,15,20,30,33,17
1,18,20,21,22,36,2
5,17,19,23,24,30,14
4,6,13,17,21,38,30
2,7,17,19,31,38,23
3,4,5,12,19,27,2
3,6,25,28,34,35,39
9,13,22,33,34,39,27
5,20,22,28,37,39,17
2,7,12,18,32,37,31
3,4,5,12,22,36,20
3,18,23,27,33,36,26
7,17,20,23,28,30,22
8,11,17,19,21,35,38
3,6,12,15,22,30,2
12,19,31,33,35,38,30
11,14,21,25,32,39,24
9,11,16,23,30,32,39
5,6,7,11,16,31,32
3,15,16,21,30,35,36
2,3,20,25,26,29,23
5,8,10,26,28,29,24
2,5,7,9,25,26,19
3,9,26,32,34,36,1
2,13,20,24,25,27,19
1,6,23,29,33,34,7
7,9,10,17,23,34,4
1,7,8,9,11,30,4
1,14,17,26,35,39,28
8,12,26,27,34,38,36
13,20,23,29,32,34,35
3,14,18,22,25,33,2
